# Annotated with Bakta
# Software: v1.9.1
# Database: v5.0, full
# DOI: 10.1099/mgen.0.000685
# URL: github.com/oschwengers/bakta
#Sequence Id	Type	Start	Stop	Strand	Locus Tag	Gene	Product	DbXrefs
contig_1	cds	1	546	-	MPIGAH_00005		Phage protein	RefSeq:WP_000200789.1, SO:0001217, UniParc:UPI00016C0171, UniRef:UniRef100_A0A602LT77, UniRef:UniRef50_A0A0K2P532, UniRef:UniRef90_B7NAF1
contig_1	cds	518	1243	-	MPIGAH_00010		Phage protein	RefSeq:WP_000267957.1, SO:0001217, UniParc:UPI0002694CE9, UniRef:UniRef100_A0A5Z5J376, UniRef:UniRef50_A0A1Q9BT60, UniRef:UniRef90_S5NJH4
contig_1	cds	1233	1790	-	MPIGAH_00015		Gp20	SO:0001217, UniRef:UniRef50_S4TUB9, UniRef:UniRef90_A0A379S5P1
contig_1	cds	1800	4034	-	MPIGAH_00020		Phage tail protein	RefSeq:WP_000084307.1, SO:0001217, UniParc:UPI0002695886, UniRef:UniRef100_A0A5V9P625, UniRef:UniRef50_S5N0N3, UniRef:UniRef90_A0A3I8FMH8
contig_1	cds	4044	4631	-	MPIGAH_00025		Phage tail protein	RefSeq:WP_001001828.1, SO:0001217, UniParc:UPI0002694AAC, UniRef:UniRef100_A0A3Z5KRM8, UniRef:UniRef50_D3UZS3, UniRef:UniRef90_A0A2K0J9L0
contig_1	cds	4624	5808	-	MPIGAH_00030		Baseplate-J domain-containing protein	RefSeq:WP_000136921.1, SO:0001217, UniParc:UPI00016C0176, UniRef:UniRef100_A0A3V3GXL6, UniRef:UniRef50_A0A2K0J9K8, UniRef:UniRef90_A0A2K0J9K8
contig_1	cds	5805	6134	-	MPIGAH_00035		DUF2590 domain-containing protein	RefSeq:WP_001002797.1, SO:0001217, UniParc:UPI000048EF91, UniRef:UniRef100_A0A5W3IEL8, UniRef:UniRef50_P51732, UniRef:UniRef90_A0A2X7XJA9
contig_1	cds	6195	6596	+	MPIGAH_00040		hypothetical protein	
contig_1	cds	7106	7864	+	MPIGAH_00045		hypothetical protein	
contig_1	cds	8289	8546	-	MPIGAH_00050		Phage protein	RefSeq:WP_000411339.1, SO:0001217, UniParc:UPI000048EF93, UniRef:UniRef100_A0A5V9IS14, UniRef:UniRef50_B7NAE3, UniRef:UniRef90_A0A3S7D9E6
contig_1	cds	8693	9025	-	MPIGAH_00055		Phage spanin Rz	RefSeq:WP_000376373.1, SO:0001217, UniParc:UPI0002694CF0, UniRef:UniRef100_A0A5V9W6G5, UniRef:UniRef50_A0A3F3J9B4, UniRef:UniRef90_A0A3F3J9B4
contig_1	cds	9025	9366	-	MPIGAH_00060		Peptidase-M15-4 domain-containing protein	RefSeq:WP_000175560.1, SO:0001217, UniParc:UPI00016BEBD7, UniRef:UniRef100_A0A5T7Q821, UniRef:UniRef50_D3UZR5, UniRef:UniRef90_A0A3S7D996
contig_1	cds	9363	9656	-	MPIGAH_00065		Holin	RefSeq:WP_001154425.1, SO:0001217, UniParc:UPI000048EF94, UniRef:UniRef100_A0A3V3GXS8, UniRef:UniRef50_A0A0H3CMH3, UniRef:UniRef90_A0A3V3GXS8
contig_1	cds	9666	10121	-	MPIGAH_00070		DUF2597 domain-containing protein	RefSeq:WP_000166743.1, SO:0001217, UniParc:UPI00016BEBD8, UniRef:UniRef100_A0A5U9BH29, UniRef:UniRef50_D2BSM1, UniRef:UniRef90_A0A2J0QW49
contig_1	cds	10118	11245	-	MPIGAH_00075		Phage tail protein	RefSeq:WP_000220203.1, SO:0001217, UniParc:UPI00016C017A, UniRef:UniRef100_A0A3V3GXF8, UniRef:UniRef50_A0A0H3FB97, UniRef:UniRef90_A0A1E7YZT3
contig_1	cds	11242	11949	-	MPIGAH_00080		Phage virion morphogenesis protein	RefSeq:WP_000560080.1, SO:0001217, UniParc:UPI00016C2159, UniRef:UniRef100_A0A5V9VV04, UniRef:UniRef50_A0A5C7C9E1, UniRef:UniRef90_A0A5V2H694
contig_1	cds	11946	12452	-	MPIGAH_00085		Phage tail protein	RefSeq:WP_000084218.1, SO:0001217, UniParc:UPI0002694CF1, UniRef:UniRef100_A0A5X2SRT0, UniRef:UniRef50_A0A0H3CM37, UniRef:UniRef90_A0A6N9MU41
contig_1	cds	12449	12901	-	MPIGAH_00090		Head completion protein	RefSeq:WP_001680743.1, SO:0001217, UniParc:UPI000048EF99, UniRef:UniRef100_A0A3R0V9R5, UniRef:UniRef50_L3PH06, UniRef:UniRef90_A0A256ECJ8
contig_1	cds	12998	13699	-	MPIGAH_00095		Terminase	RefSeq:WP_001218537.1, SO:0001217, UniParc:UPI00016C02B3, UniRef:UniRef100_A0A5Y6Y525, UniRef:UniRef50_A0A0H3CPA9, UniRef:UniRef90_A0A3F3IWV9
contig_1	cds	13703	14725	-	MPIGAH_00100		phage major capsid protein, P2 family	RefSeq:WP_000550495.1, SO:0001217, UniParc:UPI0002694411, UniRef:UniRef100_A0A5X2SP26, UniRef:UniRef50_A0A3A4D6N1, UniRef:UniRef90_A0A1E7YZQ5
contig_1	cds	14787	15590	-	MPIGAH_00105		Phage capsid protein	RefSeq:WP_000018800.1, SO:0001217, UniParc:UPI0002694412, UniRef:UniRef100_A0A5Y0N042, UniRef:UniRef50_A0A0H3CL91, UniRef:UniRef90_C0PX73
contig_1	cds	15751	17526	+	MPIGAH_00110	yjcR	Uncharacterized conserved protein YjcR, contains N-terminal HTH domain	COG:COG5484, COG:S, RefSeq:WP_001151939.1, SO:0001217, UniParc:UPI0002694413, UniRef:UniRef100_A0A5V9VUB1, UniRef:UniRef50_A0A809SKI4, UniRef:UniRef90_A0A0H3CM42
contig_1	cds	17523	18584	+	MPIGAH_00115		phage portal protein	RefSeq:WP_000038213.1, SO:0001217, UniParc:UPI0002694414, UniRef:UniRef100_A0A5Z5J065, UniRef:UniRef50_A0A077P8P5, UniRef:UniRef90_A0A653FUK2
contig_1	cds	18635	18904	+	MPIGAH_00120		Ogr-Delta domain-containing protein	SO:0001217, UniParc:UPI000048EF9E, UniRef:UniRef100_A0A2Y0NHD9, UniRef:UniRef50_A0A385XYD3, UniRef:UniRef90_F1BUM8
contig_1	cds	19204	21225	-	MPIGAH_00125		Replication gene A protein from bacteriophage origin	RefSeq:WP_000170874.1, SO:0001217, UniParc:UPI0002694415, UniRef:UniRef100_A0A5V9VUZ4, UniRef:UniRef50_A0A3A4CXF3, UniRef:UniRef90_B7NAC7
contig_1	cds	21222	22082	-	MPIGAH_00130		Site-specific DNA-methyltransferase (adenine-specific)	RefSeq:WP_000279404.1, SO:0001217, UniParc:UPI0002695884, UniRef:UniRef100_A0A5X2SRS1, UniRef:UniRef50_A0A8S5P1L0, UniRef:UniRef90_A0A5C2M056
contig_1	cds	22073	22306	-	MPIGAH_00135		DUF2732 domain-containing protein	RefSeq:WP_000551169.1, SO:0001217, UniParc:UPI0002694A65, UniRef:UniRef100_A0A5V9VUD3, UniRef:UniRef50_B7NAC4, UniRef:UniRef90_B7NAC4
contig_1	cds	22374	22622	-	MPIGAH_00140		hypothetical protein	
contig_1	cds	22775	23200	-	MPIGAH_00145		Reverse transcriptase	RefSeq:WP_000996837.1, SO:0001217, UniParc:UPI00016C2021, UniRef:UniRef100_A0A616WVH0, UniRef:UniRef50_B7NAC2, UniRef:UniRef90_A0A616WVH0
contig_1	cds	23190	23417	-	MPIGAH_00150		DUF2724 domain-containing protein	RefSeq:WP_000643375.1, SO:0001217, UniParc:UPI00016BED84, UniRef:UniRef100_A0A5V9MPS2, UniRef:UniRef50_A0A3S7D9N8, UniRef:UniRef90_S5NJL3
contig_1	cds	23427	23930	-	MPIGAH_00155		Phage regulatory CII family protein	RefSeq:WP_000460878.1, SO:0001217, UniParc:UPI00016C224F, UniRef:UniRef100_A0A5V9G5L5, UniRef:UniRef50_A0A809RUW0, UniRef:UniRef90_A0A244B2Q1
contig_1	cds	23961	24221	-	MPIGAH_00160		Regulator	SO:0001217, UniRef:UniRef50_G5R446, UniRef:UniRef90_G5R446
contig_1	cds	24326	24907	+	MPIGAH_00165		Phage repressor protein	RefSeq:WP_000514631.1, SO:0001217, UniParc:UPI0002694A64, UniRef:UniRef100_A0A5Z5J058, UniRef:UniRef50_A0A086G9S0, UniRef:UniRef90_A0A330E8J2
contig_1	cds	24924	25490	+	MPIGAH_00170		BPH-3 domain-containing protein	RefSeq:WP_000568372.1, SO:0001217, UniParc:UPI0002694A63, UniRef:UniRef100_A0A5V9I1P7, UniRef:UniRef50_A0A330G8P7, UniRef:UniRef90_A0A5V5G1Z4
contig_1	cds	25494	26531	+	MPIGAH_00175		Integrase	RefSeq:WP_001145219.1, SO:0001217, UniParc:UPI0002695882, UniRef:UniRef100_A0A5X2SP10, UniRef:UniRef50_P06723, UniRef:UniRef90_A0A8B3V6H4
contig_1	cds	26521	28302	+	MPIGAH_00180		KAP NTPase domain-containing protein	RefSeq:WP_000627044.1, SO:0001217, UniParc:UPI0002694A61, UniRef:UniRef100_A0A5V9VU70, UniRef:UniRef50_A0A403F6U5, UniRef:UniRef90_A0A403F6U5
contig_1	cds	28560	29327	-	MPIGAH_00185	viuB	NADPH-dependent ferric siderophore reductase, contains FAD-binding and SIP domains	COG:COG2375, COG:P, RefSeq:WP_000213760.1, SO:0001217, UniParc:UPI00000CD3CB, UniRef:UniRef100_A0A3Z3HVY4, UniRef:UniRef50_A0A3P8M030, UniRef:UniRef90_A0A2I5HLF2
contig_1	cds	29562	30206	+	MPIGAH_00190	padR	PadR family transcriptional regulator	SO:0001217, UniParc:UPI000169F44B, UniRef:UniRef100_A0A8E6Y302, UniRef:UniRef50_P64588, UniRef:UniRef90_A0A3E1XGT9
