# Annotated with Bakta
# Software: v1.9.1
# Database: v5.0, full
# DOI: 10.1099/mgen.0.000685
# URL: github.com/oschwengers/bakta
#Sequence Id	Type	Start	Stop	Strand	Locus Tag	Gene	Product	DbXrefs
contig_1	cds	1	207	-	FECLDH_00005		Prophage protein	SO:0001217, UniParc:UPI0014173567, UniRef:UniRef100_A0A6G8QY63, UniRef:UniRef50_A0A6G8QY63, UniRef:UniRef90_A0A6G8QY63
contig_1	cds	217	474	-	FECLDH_00010		Phage protein	SO:0001217, UniParc:UPI0014173383, UniRef:UniRef100_A0A6G8QY57, UniRef:UniRef90_A5PIW1
contig_1	cds	843	1286	-	FECLDH_00015		Transcriptional regulator	SO:0001217, UniParc:UPI00141730E0, UniRef:UniRef100_A0A6G8QY60, UniRef:UniRef50_A0A752A5Z1, UniRef:UniRef90_A0A752A5Z1
contig_1	cds	1298	1585	-	FECLDH_00020		tRNA-int-endo domain-containing protein	SO:0001217, UniParc:UPI00141737F8, UniRef:UniRef100_A0A6G8QY45, UniRef:UniRef50_A0A6G8QY45, UniRef:UniRef90_A0A6G8QY45
contig_1	cds	2313	2582	+	FECLDH_00025		Phage protein	SO:0001217, UniParc:UPI0014171DC5, UniRef:UniRef100_A0A6G8QYT3, UniRef:UniRef50_Q7Y3L2, UniRef:UniRef90_A0A6G8QYT3
contig_1	cds	2582	2815	+	FECLDH_00030		Phage protein	SO:0001217, UniRef:UniRef50_A9J557, UniRef:UniRef90_A0A752E7Q9
contig_1	cds	2812	2979	+	FECLDH_00035	slpA	SlpA domain-containing protein	SO:0001217, UniParc:UPI001417357E, UniRef:UniRef100_A0A6G8QY48, UniRef:UniRef50_A0A6G8QY48, UniRef:UniRef90_A0A6G8QY48
contig_1	cds	3038	3259	+	FECLDH_00040		Phage protein	SO:0001217, UniRef:UniRef50_A0A6G8QY93, UniRef:UniRef90_A0A6G8QY93
contig_1	cds	3261	3485	+	FECLDH_00045		Phage protein	RefSeq:WP_200606051.1, SO:0001217, UniParc:UPI0003586482, UniRef:UniRef100_A0A7D7F8W4, UniRef:UniRef50_A0A0A0YRC1, UniRef:UniRef90_A0A0A0YRC1
contig_1	cds	3682	4377	+	FECLDH_00050		DNA methylase	SO:0001217, UniRef:UniRef50_A0A3P4A7G6, UniRef:UniRef90_A0A6G8QY72
contig_1	cds	4449	4811	+	FECLDH_00055		Phage protein	SO:0001217, UniRef:UniRef50_A0A6G8QY68, UniRef:UniRef90_A0A6G8QY68
contig_1	cds	4808	5305	+	FECLDH_00060		HNH homing endonuclease	SO:0001217, UniRef:UniRef50_A0A6G8QY54, UniRef:UniRef90_A0A6G8QY54
contig_1	cds	5302	5550	+	FECLDH_00065		Phage repressor protein	SO:0001217, UniRef:UniRef50_A0A0N7CFH3, UniRef:UniRef90_A0A6G8QY70
contig_1	cds	5620	7200	+	FECLDH_00070		Helicase	SO:0001217, UniRef:UniRef50_K4FEE0, UniRef:UniRef90_A0A6G8QY55
contig_1	cds	7205	7600	+	FECLDH_00075		Transcriptional regulator	SO:0001217, UniParc:UPI0014171BBE, UniRef:UniRef100_A0A6G8QYU3, UniRef:UniRef50_A0A7D5JJA8, UniRef:UniRef90_A0A6G8QYU3
contig_1	cds	7732	8121	-	FECLDH_00080		Putative spanin	SO:0001217, UniRef:UniRef50_A0A752A5Y2, UniRef:UniRef90_A0A6G8QY67
contig_1	cds	8118	8612	-	FECLDH_00085		Lysozyme	SO:0001217, UniParc:UPI00141737D3, UniRef:UniRef100_A0A6G8QY59, UniRef:UniRef90_A5PJ26
contig_1	cds	8612	8836	-	FECLDH_00090		Holin	RefSeq:WP_200606031.1, SO:0001217, UniParc:UPI001417242D, UniRef:UniRef100_A0A6G8QYA2, UniRef:UniRef90_A5PJ25
contig_1	cds	8949	10064	-	FECLDH_00095		Phosphoesterase	SO:0001217, UniParc:UPI0014172EB5, UniRef:UniRef100_A0A6G8QY92, UniRef:UniRef50_A0A0C5AJZ7, UniRef:UniRef90_A0A6G8QY92
contig_1	cds	10241	10543	-	FECLDH_00100		hypothetical protein	PFAM:PF13392.9
contig_1	cds	10620	10862	-	FECLDH_00105		DUF5678 domain-containing protein	SO:0001217, UniRef:UniRef50_A0A0A0YVY1, UniRef:UniRef90_A0A1V0DZ64
contig_1	cds	10843	11004	-	FECLDH_00110		HEPN domain-containing protein	SO:0001217, UniRef:UniRef50_A0A385IPZ8
contig_1	cds	11076	11306	-	FECLDH_00115		Phage protein	SO:0001217, UniRef:UniRef50_A0A752E7A9, UniRef:UniRef90_A0A752E7A9
contig_1	cds	11308	12048	-	FECLDH_00120		phage N-6-adenine-methyltransferase	SO:0001217, UniRef:UniRef50_A0A752E7Q6, UniRef:UniRef90_UPI00190BBDBE
contig_1	cds	12062	12388	-	FECLDH_00125		DUF3718 domain-containing protein	SO:0001217, UniRef:UniRef50_A0A6G8QY65, UniRef:UniRef90_A0A6G8QY65
contig_1	cds	12460	12879	-	FECLDH_00130		VRR-NUC domain-containing protein	SO:0001217, UniParc:UPI00141720D7, UniRef:UniRef100_A0A6G8QYV3, UniRef:UniRef50_A0A3B8E508, UniRef:UniRef90_A0A6G8QYV3
contig_1	cds	12882	14855	-	FECLDH_00135		Helicase ATP-binding domain-containing protein	SO:0001217, UniRef:UniRef50_A0A4D6DYA9, UniRef:UniRef90_A0A653G075
contig_1	cds	14875	15552	+	FECLDH_00140		Transcriptional regulator	SO:0001217, UniRef:UniRef50_A0A6G8QY69, UniRef:UniRef90_A0A6G8QY69
contig_1	cds	15610	16539	+	FECLDH_00145		DNA primase/helicase	SO:0001217, UniRef:UniRef50_A0A0C5AFR2, UniRef:UniRef90_A0A6G8QYB1
contig_1	cds	16700	18802	+	FECLDH_00150		tail fiber domain-containing protein	SO:0001217, UniRef:UniRef50_UPI00190C1624
contig_1	cds	18834	19259	-	FECLDH_00155		Single-stranded DNA-binding protein	SO:0001217, UniRef:UniRef50_A0A023ZVH3
contig_1	cds	19297	19956	-	FECLDH_00160		Recombinase	SO:0001217, UniRef:UniRef50_A0A6M9EJ36, UniRef:UniRef90_A0A6G8QY10
contig_1	cds	20002	20292	-	FECLDH_00165		Tail length tape-measure protein	SO:0001217, UniRef:UniRef50_A0A0N7CE11
contig_1	cds	20368	21471	-	FECLDH_00170		DUF3799 domain-containing protein	SO:0001217, UniRef:UniRef50_A0A3P4A789
contig_1	cds	21941	22189	+	FECLDH_00175		hypothetical protein	
contig_1	cds	22220	26050	-	FECLDH_00180		Tail tip, host specificity protein J	SO:0001217, UniRef:UniRef50_A0A6G8QY06
contig_1	cds	26131	26730	-	FECLDH_00185		Tail tip, assembly protein I	SO:0001217, UniParc:UPI0014172F63, UniRef:UniRef100_A0A6G8QY17, UniRef:UniRef90_A5PJ07
contig_1	cds	26723	27445	-	FECLDH_00190		Minor tail protein	SO:0001217, UniRef:UniRef50_A0A023ZUC7, UniRef:UniRef90_A0A751ZZB4
contig_1	cds	27442	28200	-	FECLDH_00195		Tail tip, assembly protein L	SO:0001217, UniParc:UPI0014173B1E, UniRef:UniRef100_A0A6G8QYP3, UniRef:UniRef90_A5PJ05
contig_1	cds	28268	28615	-	FECLDH_00200		Tail tip assembly protein	SO:0001217, UniParc:UPI0014172B80, UniRef:UniRef100_A0A6G8QY19, UniRef:UniRef50_A0A6G5YE10, UniRef:UniRef90_A0A0N7CE04
contig_1	cds	28615	31524	-	FECLDH_00205		Tape measure protein	SO:0001217, UniRef:UniRef50_Q6XQC4
contig_1	cds	31561	31830	-	FECLDH_00210		Tape measure chaperone	SO:0001217, UniParc:UPI00141735CA, UniRef:UniRef100_A0A6G8QY52, UniRef:UniRef50_A0A7D5FMX2, UniRef:UniRef90_A0A6G8QY52
contig_1	cds	31878	32192	-	FECLDH_00215		Tape measure chaperone	SO:0001217, UniParc:UPI0014171420, UniRef:UniRef100_A0A6G8QY42, UniRef:UniRef50_K4NX39, UniRef:UniRef90_A0A6G8QY42
contig_1	cds	32269	32931	-	FECLDH_00220		Major tail protein	SO:0001217, UniRef:UniRef50_A0A0C5AJW8, UniRef:UniRef90_A0A653FZU8
contig_1	cds	32946	33338	-	FECLDH_00225		Phage protein	SO:0001217, UniParc:UPI00141729D2, UniRef:UniRef100_A0A6G8QY27, UniRef:UniRef50_A0A7D5FU00, UniRef:UniRef90_A0A6G8QY27
contig_1	cds	33328	33768	-	FECLDH_00230		HK97 gp10 family phage protein	SO:0001217, UniRef:UniRef50_A0A6M5CDS7, UniRef:UniRef90_A0A0A0YQL1
contig_1	cds	33761	34132	-	FECLDH_00235		Ribonucleoside-triphosphate reductase	SO:0001217, UniRef:UniRef50_A0A0A0YVV6, UniRef:UniRef90_A0A0A0YVV6
contig_1	cds	34129	34533	-	FECLDH_00240		Phage related protein	SO:0001217, UniRef:UniRef50_A0A159B7L7, UniRef:UniRef90_A0A385IPZ4
contig_1	cds	34583	34855	-	FECLDH_00245	flbD	Flagellar protein FlbD	SO:0001217, UniRef:UniRef50_A0A0A0YTW5
contig_1	cds	34917	35891	-	FECLDH_00250		Major capsid protein	SO:0001217, UniParc:UPI0014172C1F, UniRef:UniRef100_A0A6G8QY29, UniRef:UniRef50_A0A023ZU50, UniRef:UniRef90_A0A6G8QY29
contig_1	cds	35981	36484	-	FECLDH_00255		Phage protein	SO:0001217, UniRef:UniRef50_A0A160CA65, UniRef:UniRef90_A0A160CA65
contig_1	cds	36465	36944	-	FECLDH_00260	htjA	HtjA	SO:0001217, UniParc:UPI00141713F3, UniRef:UniRef100_A0A6G8QY62, UniRef:UniRef50_G1CSR2, UniRef:UniRef90_A0A0A0YVV4
contig_1	cds	36957	38075	-	FECLDH_00265		Major capsid protein	KEGG:K09960, SO:0001217, UniParc:UPI0014171539, UniRef:UniRef100_A0A6G8QY51, UniRef:UniRef50_A0A6H0X4P1, UniRef:UniRef90_A0A6G8QY51
contig_1	cds	38072	38743	-	FECLDH_00270		Phage-Mu-F domain-containing protein	SO:0001217, UniRef:UniRef50_A0A385IQJ2, UniRef:UniRef90_A0A385IQJ2
contig_1	cds	38740	40089	-	FECLDH_00275		Portal protein	KEGG:K09961, SO:0001217, UniParc:UPI00141730AC, UniRef:UniRef100_A0A6G8QY37, UniRef:UniRef50_A0A0A7NPP3, UniRef:UniRef90_A0A2Z4Q486
contig_1	cds	40089	41660	-	FECLDH_00280		Terminase large subunit	SO:0001217, UniParc:UPI0014171A80, UniRef:UniRef100_A0A6G8QY24, UniRef:UniRef90_A5PIY7
contig_1	cds	41672	42196	-	FECLDH_00285		Terminase small subunit	SO:0001217, UniParc:UPI001417149C, UniRef:UniRef100_A0A6G8QYR3, UniRef:UniRef90_A5PIY6
contig_1	cds	42284	42514	-	FECLDH_00290		Phage protein	SO:0001217, UniParc:UPI0014171B57, UniRef:UniRef100_A0A6G8QY39, UniRef:UniRef50_A0A6G8QY39, UniRef:UniRef90_A0A6G8QY39
contig_1	cds	42514	42696	-	FECLDH_00295		DUF1187 domain-containing protein	SO:0001217, UniParc:UPI0014171F72, UniRef:UniRef100_A0A6G8QY30, UniRef:UniRef50_A0A7D5JJF5, UniRef:UniRef90_A0A6G8QY30
contig_1	cds	42680	42841	-	FECLDH_00300		Transposase	SO:0001217, UniParc:UPI0014172F3B, UniRef:UniRef100_A0A6G8QY73, UniRef:UniRef50_A0A874U8U6, UniRef:UniRef90_A0A6G8QY73
contig_1	cds	42831	43040	-	FECLDH_00305		Glyco-hydro-65C domain-containing protein	SO:0001217, UniRef:UniRef50_A0A6G8QY61
contig_1	cds	43223	43450	-	FECLDH_00310		Phage protein	SO:0001217, UniRef:UniRef50_A0A874VD81, UniRef:UniRef90_A0A6G8QY53
contig_1	cds	43640	43966	-	FECLDH_00315		Phage protein	SO:0001217, UniParc:UPI0014171F11, UniRef:UniRef100_A0A6G8QY34, UniRef:UniRef50_A0A0N7CET1, UniRef:UniRef90_A0A6G8QY34
