# Annotated with Bakta
# Software: v1.9.1
# Database: v5.0, full
# DOI: 10.1099/mgen.0.000685
# URL: github.com/oschwengers/bakta
#Sequence Id	Type	Start	Stop	Strand	Locus Tag	Gene	Product	DbXrefs
contig_1	cds	1	291	-	NHDLIF_00005	pfkA	6-phosphofructokinase	COG:COG0205, COG:G, EC:2.7.1.11, GO:0003872, GO:0005524, GO:0005737, GO:0006002, GO:0046872, KEGG:K00850, SO:0001217, UniParc:UPI00041D0F97, UniRef:UniRef100_A0A6C8GFD6, UniRef:UniRef50_A7ZUC9, UniRef:UniRef90_A7ZUC9
contig_1	cds	292	975	+	NHDLIF_00010		NAD-specific glutamate dehydrogenase	SO:0001217, UniRef:UniRef50_A0A663B6E1
contig_1	cds	1148	2050	-	NHDLIF_00015	fieF	CDF family cation-efflux transporter FieF	BlastRules:WP_001076748, BlastRules:WP_003093118, COG:COG0053, COG:P, GO:0005381, GO:0005385, GO:0005886, GO:0015086, GO:0015297, GO:0046872, GO:0055072, NCBIProtein:BAE77395.1, RefSeq:WP_001077320.1, SO:0001217, UniParc:UPI00000CD52D, UniRef:UniRef100_B5FPR1, UniRef:UniRef50_Q6CZ45, UniRef:UniRef90_A8AL14
contig_1	cds	2287	2505	-	NHDLIF_00020	ogrK	prophage transcriptional regulator OgrK	BlastRules:WP_000468310, KEGG:K06905, RefSeq:WP_000468308.1, SO:0001217, UniParc:UPI000005D7D1, UniRef:UniRef100_P08762, UniRef:UniRef50_P08762, UniRef:UniRef90_P08762
contig_1	cds	2587	3750	-	NHDLIF_00025		putative baseplate hub protein	GO:0098025, RefSeq:WP_001598749.1, SO:0001217, UniParc:UPI0002A1A8D9, UniRef:UniRef100_A0A5Y9QL44, UniRef:UniRef50_P10312, UniRef:UniRef90_P10312
contig_1	cds	3750	4229	-	NHDLIF_00030		GpU phage protein	RefSeq:WP_000978896.1, SO:0001217, UniParc:UPI00025C7FF0, UniRef:UniRef100_A0A0L0XRU0, UniRef:UniRef50_A0A376FTB7, UniRef:UniRef90_A0A376FTB7
contig_1	cds	4244	6691	-	NHDLIF_00035		putative tape measure protein	GO:0098003, RefSeq:WP_023993657.1, SO:0001217, UniParc:UPI0003D3ECAD, UniRef:UniRef100_A0A5Y3TL56, UniRef:UniRef50_O64314, UniRef:UniRef90_O64314
contig_1	cds	6836	7111	-	NHDLIF_00040		Phage tail assembly protein	RefSeq:WP_001031303.1, SO:0001217, UniParc:UPI000018F4CF, UniRef:UniRef100_J7QZF1, UniRef:UniRef50_W0BKE1, UniRef:UniRef90_A0A5E8P0I9
contig_1	cds	7168	7686	-	NHDLIF_00045		Tail tube protein	RefSeq:WP_001251408.1, SO:0001217, UniParc:UPI0000166161, UniRef:UniRef100_P22502, UniRef:UniRef90_P22502
contig_1	cds	7699	8889	-	NHDLIF_00050		GpFI	RefSeq:WP_001286698.1, SO:0001217, UniParc:UPI000260B46C, UniRef:UniRef100_A0A6D0EE57, UniRef:UniRef50_P22501, UniRef:UniRef90_Q7Y4D1
contig_1	cds	8949	9542	-	NHDLIF_00055	spoIVCA	Site-specific DNA recombinase SpoIVCA/DNA invertase PinE	COG:COG1961, COG:L, RefSeq:WP_023993658.1, SO:0001217, UniParc:UPI00039E145F, UniRef:UniRef100_A0A827WHV8, UniRef:UniRef50_A0A1H9RIF6, UniRef:UniRef90_A0A376SIX1
contig_1	cds	9637	9876	+	NHDLIF_00060		hypothetical protein	
contig_1	cds	9971	10411	+	NHDLIF_00065		Tail fiber assembly protein	RefSeq:WP_006673257.1, SO:0001217, UniParc:UPI0002B609D5, UniRef:UniRef100_A0A828A342, UniRef:UniRef90_A0A8S5N095
contig_1	cds	10383	10985	-	NHDLIF_00070	tfaE	Prophage tail fiber assembly -like protein TfaE	RefSeq:WP_006673255.1, SO:0001217, UniParc:UPI0002B60D69, UniRef:UniRef100_A0A243ZRT7, UniRef:UniRef50_P09153, UniRef:UniRef90_P09153
contig_1	cds	10985	12322	-	NHDLIF_00075		Phage tail protein	RefSeq:WP_075332800.1, SO:0001217, UniParc:UPI00094A999B, UniRef:UniRef100_A0A5V5CEG4, UniRef:UniRef50_A0A8E0FT97, UniRef:UniRef90_A0A5V5CEG4
contig_1	cds	12319	12930	-	NHDLIF_00080		phage tail protein I	RefSeq:WP_023993680.1, SO:0001217, UniParc:UPI0003D3D223, UniRef:UniRef100_A0A621TDP7, UniRef:UniRef50_A0A077KER5, UniRef:UniRef90_A0A2X5P0K1
contig_1	cds	12923	13831	-	NHDLIF_00085		Baseplate protein J	GO:0098025, RefSeq:WP_023993681.1, SO:0001217, UniParc:UPI0003D3E33B, UniRef:UniRef100_A0A621TDN4, UniRef:UniRef50_P51767, UniRef:UniRef90_P51767
contig_1	cds	13836	14183	-	NHDLIF_00090		Baseplate protein W	GO:0098003, GO:0098025, RefSeq:WP_001389961.1, SO:0001217, UniParc:UPI0002CBBF4C, UniRef:UniRef100_A0A8T5ZU10, UniRef:UniRef50_P51768, UniRef:UniRef90_P51768
contig_1	cds	14180	14815	-	NHDLIF_00095		Spike protein	GO:0044694, GO:0046872, GO:0098003, GO:0098025, GO:0098670, RefSeq:WP_001093731.1, SO:0001217, UniParc:UPI000250EDD0, UniRef:UniRef100_A0A5T4FBI7, UniRef:UniRef50_P31340, UniRef:UniRef90_P31340
contig_1	cds	14882	15334	-	NHDLIF_00100		phage virion morphogenesis protein	RefSeq:WP_023993682.1, SO:0001217, UniParc:UPI0003D3BB0B, UniRef:UniRef100_A0A5T6A398, UniRef:UniRef50_P36934, UniRef:UniRef90_P36934
contig_1	cds	15327	15794	-	NHDLIF_00105		Tail completion protein R	RefSeq:WP_000917182.1, SO:0001217, UniParc:UPI000250F61B, UniRef:UniRef100_A0A0J2AUZ8, UniRef:UniRef50_P36933, UniRef:UniRef90_P36933
contig_1	cds	15757	15915	-	NHDLIF_00110	lysC	Rz1-like lysis system protein LysC	GO:0016020, GO:0019835, GO:0020002, SO:0001217, UniParc:UPI00016A22FC, UniRef:UniRef100_A0A037YF96, UniRef:UniRef50_Q8LTD0, UniRef:UniRef90_Q8LTD0
contig_1	cds	15902	16327	-	NHDLIF_00115	lysB	Rz-like lysis system protein LysB	GO:0016020, GO:0019835, GO:0020002, RefSeq:WP_023993683.1, SO:0001217, UniParc:UPI0003D3FB91, UniRef:UniRef100_A0A5Y7VHB3, UniRef:UniRef50_P51770, UniRef:UniRef90_P51770
contig_1	cds	16315	16740	-	NHDLIF_00120	lysA	Putative antiholin	GO:0016020, GO:0019835, GO:0020002, GO:1901218, RefSeq:WP_023993684.1, SO:0001217, UniParc:UPI0003D3DF4B, UniRef:UniRef100_A0A5Y4RXS6, UniRef:UniRef50_P51769, UniRef:UniRef90_P51769
contig_1	cds	16755	17252	-	NHDLIF_00125		Endolysin	EC:4.2.2.n2, GO:0003796, GO:0009253, GO:0016829, GO:0016998, GO:0019835, GO:0030430, GO:0042742, GO:0044659, RefSeq:WP_001144101.1, SO:0001217, UniParc:UPI000012EA44, UniRef:UniRef100_P51771, UniRef:UniRef50_P51771, UniRef:UniRef90_P51771
contig_1	cds	17252	17533	-	NHDLIF_00130		Holin	GO:0016020, GO:0019835, GO:0020002, GO:0034290, GO:0034291, RefSeq:WP_000123123.1, SO:0001217, UniParc:UPI000018F4C2, UniRef:UniRef100_J7R2R9, UniRef:UniRef50_P51773, UniRef:UniRef90_P51773
contig_1	cds	17537	17740	-	NHDLIF_00135		Baseplate protein X	GO:0098025, RefSeq:WP_000846409.1, SO:0001217, UniParc:UPI000005D7D3, UniRef:UniRef100_P51772, UniRef:UniRef50_P51772, UniRef:UniRef90_P51772
contig_1	cds	17740	18246	-	NHDLIF_00140		Head completion/stabilization protein	GO:0019069, SO:0001217, UniParc:UPI0003C628FE, UniRef:UniRef100_P25475, UniRef:UniRef50_P25475, UniRef:UniRef90_P25475
contig_1	cds	18349	19092	-	NHDLIF_00145		Terminase, endonuclease subunit	GO:0003677, GO:0004519, GO:0019069, RefSeq:WP_000203461.1, SO:0001217, UniParc:UPI0001FB5CD9, UniRef:UniRef100_A0A5Y5LNT5, UniRef:UniRef50_P25476, UniRef:UniRef90_P25476
contig_1	cds	19096	20169	-	NHDLIF_00150		phage major capsid protein, P2 family	RefSeq:WP_016237184.1, SO:0001217, UniParc:UPI0003388F4A, UniRef:UniRef100_A0A0C5ERQ2, UniRef:UniRef50_A0A0C5ERQ2, UniRef:UniRef90_A0A0C5ERQ2
contig_1	cds	20228	21082	-	NHDLIF_00155		Capsid assembly scaffolding protein	GO:0006508, GO:0008236, GO:0046797, RefSeq:WP_023993685.1, SO:0001217, UniParc:UPI0003D3D498, UniRef:UniRef100_A0A5Z2NY79, UniRef:UniRef50_P25478, UniRef:UniRef90_P25478
contig_1	cds	21256	23028	+	NHDLIF_00160		Terminase, ATPase subunit	GO:0005524, GO:0019069, RefSeq:WP_023993686.1, SO:0001217, UniParc:UPI0003D3D7B5, UniRef:UniRef100_A0A5T8X6G5, UniRef:UniRef50_P25479, UniRef:UniRef90_P25479
contig_1	cds	23028	24062	+	NHDLIF_00165		phage portal protein	GO:0019028, GO:0099000, RefSeq:WP_001620981.1, SO:0001217, UniParc:UPI0002A1D3A3, UniRef:UniRef100_A0A739S1F5, UniRef:UniRef50_P25480, UniRef:UniRef90_P25480
contig_1	cds	24489	25430	+	NHDLIF_00170		Phage protein	RefSeq:WP_001161722.1, SO:0001217, UniParc:UPI00028D9A19, UniRef:UniRef100_A0A8S7GG45, UniRef:UniRef50_A0A244BCG5, UniRef:UniRef90_A0A8S7GG45
contig_1	cds	25513	25800	-	NHDLIF_00175		hypothetical protein	
contig_1	cds	26179	26664	-	NHDLIF_00180		ImmA/IrrE family metallo-endopeptidase	RefSeq:WP_000119270.1, SO:0001217, UniParc:UPI0002511164, UniRef:UniRef100_J7QY51, UniRef:UniRef50_J7QY51, UniRef:UniRef90_J7QY51
contig_1	cds	27385	27498	+	NHDLIF_00185		Fimbrial protein	SO:0001217, UniParc:UPI00028789CC, UniRef:UniRef100_J7RBE0, UniRef:UniRef50_J7RBE0, UniRef:UniRef90_J7RBE0
contig_1	cds	27801	30077	-	NHDLIF_00190		Replication gene A protein	EC:3.1.-.-, GO:0004519, GO:0006260, GO:0039693, RefSeq:WP_001598736.1, SO:0001217, UniParc:UPI0002A1D9F8, UniRef:UniRef100_A0A7A9BVK3, UniRef:UniRef50_Q06419, UniRef:UniRef90_Q06419
contig_1	cds	30067	30342	-	NHDLIF_00195	oRF83	Uncharacterized protein in GpA 5'region	RefSeq:WP_000027673.1, SO:0001217, UniParc:UPI0001E8DB9D, UniRef:UniRef100_A0A1M1P3Q0, UniRef:UniRef50_Q06425, UniRef:UniRef90_Q06425
contig_1	cds	30339	30563	-	NHDLIF_00200	oRF82	Uncharacterized protein in gpA 5'region	GO:0008270, RefSeq:WP_001113277.1, SO:0001217, UniParc:UPI0001E8DB9E, UniRef:UniRef100_A0A8G7WBE0, UniRef:UniRef50_Q06424, UniRef:UniRef90_Q06424
contig_1	cds	30566	30865	-	NHDLIF_00205	oRF81	Uncharacterized protein in GpA 5'region	RefSeq:WP_001277898.1, SO:0001217, UniParc:UPI0000E44F04, UniRef:UniRef100_A0A3R8S0V1, UniRef:UniRef50_Q06423, UniRef:UniRef90_Q06423
contig_1	cds	30865	31089	-	NHDLIF_00210	oRF80	Uncharacterized protein in GpA 5'region	RefSeq:WP_000557703.1, SO:0001217, UniParc:UPI00005F1D10, UniRef:UniRef100_J7QDG7, UniRef:UniRef50_Q06422, UniRef:UniRef90_Q06422
contig_1	cds	31153	31653	-	NHDLIF_00215		Replication gene B protein	GO:0006260, GO:0071897, RefSeq:WP_000217670.1, SO:0001217, UniParc:UPI00016C6F3B, UniRef:UniRef100_A0A023KQ16, UniRef:UniRef50_P07696, UniRef:UniRef90_P07696
