# Annotated with Bakta
# Software: v1.9.1
# Database: v5.0, full
# DOI: 10.1099/mgen.0.000685
# URL: github.com/oschwengers/bakta
#Sequence Id	Type	Start	Stop	Strand	Locus Tag	Gene	Product	DbXrefs
contig_1	cds	184	636	+	CDMFJM_00005	rrrD	Phage-related lysozyme (muramidase), GH24 family	COG:COG3772, COG:M, RefSeq:WP_015701345.1, SO:0001217, UniParc:UPI0001DDBEB7, UniRef:UniRef100_E8XHJ4, UniRef:UniRef50_A0A1I0J1Q9, UniRef:UniRef90_E8XHJ4
contig_1	cds	633	1106	+	CDMFJM_00010		Endopeptidase	EC:3.4.-.-, KEGG:K14744, SO:0001217, UniParc:UPI0000227EAA, UniRef:UniRef100_A0A455S1Q8, UniRef:UniRef50_A0A739B2E6, UniRef:UniRef90_A0A455S1Q8
contig_1	cds	1342	1743	-	CDMFJM_00015		Inhibitor of g-type lysozyme	RefSeq:WP_000669690.1, SO:0001217, UniParc:UPI00000CD287, UniRef:UniRef100_A0A5J1PWG1, UniRef:UniRef50_P76002, UniRef:UniRef90_A0A5V8J193
contig_1	cds	2030	2575	+	CDMFJM_00020	nu1	Phage DNA packaging protein, Nu1 subunit of terminase	COG:COG4220, COG:X, RefSeq:WP_001102153.1, SO:0001217, UniParc:UPI00016A0780, UniRef:UniRef100_A0A5X7W996, UniRef:UniRef50_P68653, UniRef:UniRef90_A0A5I8UYP9
contig_1	cds	2547	4478	+	CDMFJM_00025	gpA1	Phage terminase, large subunit GpA	COG:COG5525, COG:X, RefSeq:WP_000623091.1, SO:0001217, UniParc:UPI00000CD285, UniRef:UniRef100_A0A5I9BXZ4, UniRef:UniRef50_P36693, UniRef:UniRef90_V1GZK1
contig_1	cds	4462	4665	+	CDMFJM_00030		Phage tail protein	RefSeq:WP_000201415.1, SO:0001217, UniParc:UPI00000CD284, UniRef:UniRef100_A0A5W5D790, UniRef:UniRef50_P68660, UniRef:UniRef90_A0A3Y1U5K6
contig_1	cds	4623	6242	+	CDMFJM_00035		phage portal protein	SO:0001217, UniParc:UPI00017E199B, UniRef:UniRef100_A0A455RQK4, UniRef:UniRef50_O64319, UniRef:UniRef90_A0A2T8T8S1
contig_1	cds	6232	7728	+	CDMFJM_00040	sppA	Periplasmic serine protease, ClpP class	COG:COG0616, COG:O, RefSeq:WP_001189503.1, SO:0001217, UniParc:UPI00000CD282, UniRef:UniRef100_A0A5U9BJ35, UniRef:UniRef50_A0A6D2G8Q7, UniRef:UniRef90_A0A6D2G8Q7
contig_1	cds	7741	8088	+	CDMFJM_00045		Head decoration protein	RefSeq:WP_000011260.1, SO:0001217, UniParc:UPI00000CD281, UniRef:UniRef100_A0A5W5D6E2, UniRef:UniRef50_A0A726Z1C1, UniRef:UniRef90_A0A3V7IID9
contig_1	cds	8143	9171	+	CDMFJM_00050		Major capsid protein	RefSeq:WP_000522566.1, SO:0001217, UniParc:UPI00000CD280, UniRef:UniRef100_A0A5W2Z726, UniRef:UniRef50_A0A655DZ48, UniRef:UniRef90_A0A5U3IW89
contig_1	cds	9229	9588	+	CDMFJM_00055		DNA packaging protein	RefSeq:WP_000201486.1, SO:0001217, UniParc:UPI00000CD27F, UniRef:UniRef100_A0A5U9N9M1, UniRef:UniRef50_A0A5I2X0D2, UniRef:UniRef90_A0A3S4I1P7
contig_1	cds	9599	9982	+	CDMFJM_00060		Phage tail protein	RefSeq:WP_000083294.1, SO:0001217, UniParc:UPI00000CD27E, UniRef:UniRef100_A0A0F6B0C2, UniRef:UniRef50_A0A3V7IIB3, UniRef:UniRef90_A0A3V7IIB3
contig_1	cds	10010	10588	+	CDMFJM_00065	vmtZ	Gifsy-1 prophagei VmtZ	RefSeq:WP_000677089.1, SO:0001217, UniParc:UPI00000CD27D, UniRef:UniRef100_A0A5W7BN67, UniRef:UniRef50_W0BRV5, UniRef:UniRef90_A0A509CMY7
contig_1	cds	10637	11767	-	CDMFJM_00070	insQ	Transposase	COG:COG0675, COG:X, RefSeq:WP_000817263.1, SO:0001217, UniParc:UPI000009B9B9, UniRef:UniRef100_A0A6C7IE75, UniRef:UniRef50_A1U7V8, UniRef:UniRef90_A0A248KFD4
contig_1	cds	11876	12277	+	CDMFJM_00075		Phage tail protein	RefSeq:WP_000033885.1, SO:0001217, UniParc:UPI00000CD27B, UniRef:UniRef100_A0A5W7BN78, UniRef:UniRef50_A0A3J2D1J4, UniRef:UniRef90_A0A5W7BN78
contig_1	cds	12288	13031	+	CDMFJM_00080	yjdB	Uncharacterized conserved protein YjdB, contains Ig-like domain	COG:COG5492, COG:R, SO:0001217, UniParc:UPI000532BABC, UniRef:UniRef100_A0A625WLX3, UniRef:UniRef50_H5UYW2, UniRef:UniRef90_A0A5Z1ZNT2
contig_1	cds	13082	13477	+	CDMFJM_00085		phage minor tail protein G	RefSeq:WP_000479607.1, SO:0001217, UniParc:UPI00000CD279, UniRef:UniRef100_A0A5W5D310, UniRef:UniRef50_A0A5W5D310, UniRef:UniRef90_A0A5W5D310
contig_1	cds	13498	13812	+	CDMFJM_00090		phage tail assembly protein T	RefSeq:WP_001234354.1, SO:0001217, UniParc:UPI000169FDD1, UniRef:UniRef100_A0A5W3W7E6, UniRef:UniRef50_A0A0K3NWT9, UniRef:UniRef90_A0A379UNE2
contig_1	cds	13784	16879	+	CDMFJM_00095		Phage-related minor tail protein	COG:COG5281, COG:X, RefSeq:WP_000372065.1, SO:0001217, UniParc:UPI0001B96F40, UniRef:UniRef100_A0A5W5P742, UniRef:UniRef50_A0A403F0Q0, UniRef:UniRef90_A0A403F0Q0
contig_1	cds	16882	17211	+	CDMFJM_00100		Phage tail protein	COG:COG4718, COG:X, RefSeq:WP_000447369.1, SO:0001217, UniParc:UPI00000CD276, UniRef:UniRef100_A0A5W5D328, UniRef:UniRef50_A0A3V4IJX7, UniRef:UniRef90_A0A3V4IJX7
contig_1	cds	17221	17919	+	CDMFJM_00105	gp18	phage minor tail protein L	COG:COG4672, COG:X, RefSeq:WP_001152689.1, SO:0001217, UniParc:UPI00000CD275, UniRef:UniRef100_E8XHH4, UniRef:UniRef50_E8XHH4, UniRef:UniRef90_E8XHH4
contig_1	cds	17911	18516	-	CDMFJM_00110		hypothetical protein	SO:0001217, UniParc:UPI0001BD0EB3, UniRef:UniRef100_A0A455S1S3, UniRef:UniRef50_A0A455S1S3, UniRef:UniRef90_A0A455S1S3
contig_1	cds	18561	19208	+	CDMFJM_00115		Phage-related protein, tail assembly protein I	COG:COG4723, COG:X, RefSeq:WP_000246126.1, SO:0001217, UniParc:UPI00000CD273, UniRef:UniRef100_A0A5J1PWI5, UniRef:UniRef50_A0A3P4HNG7, UniRef:UniRef90_A0A4U8C1H2
