ID	Pos. Inicial	Pos. Final	Gen ID	Nada	Direccion	Gen #	color
NC_011976_Salmonella_phage_epsilon34_43016	0	489	terminase_small_subunit	0	+	1	#0039AC
NC_011976_Salmonella_phage_epsilon34_43016	466	1966	terminase_large_subunit	0	+	2	#0039AC
NC_011976_Salmonella_phage_epsilon34_43016	1965	4143	portal_protein	0	+	3	#F3E311
NC_011976_Salmonella_phage_epsilon34_43016	4156	5068	head_scaffolding_protein	0	+	4	#FF0000
NC_011976_Salmonella_phage_epsilon34_43016	5067	6360	head_protein	0	+	5	#FF0000
NC_011976_Salmonella_phage_epsilon34_43016	6400	6961	hypothetical_protein	0	+	6	#808080
NC_011976_Salmonella_phage_epsilon34_43016	6944	7445	head-tail_adaptor_Ad3	0	+	7	#FE6700
NC_011976_Salmonella_phage_epsilon34_43016	7404	8823	head_closure_Hc3	0	+	8	#FF0000
NC_011976_Salmonella_phage_epsilon34_43016	8826	9528	tail_needle_protein	0	+	9	#33CCFF
NC_011976_Salmonella_phage_epsilon34_43016	9527	9983	head_morphogenesis	0	+	10	#FF0000
NC_011976_Salmonella_phage_epsilon34_43016	9985	10675	DNA_ejection	0	+	11	#A50EE8
NC_011976_Salmonella_phage_epsilon34_43016	10684	12034	released_from_the_phage_upon_host_infection	0	+	12	#ECE190
NC_011976_Salmonella_phage_epsilon34_43016	12030	14157	DNA_transfer_protein	0	+	13	#A50EE8
NC_011976_Salmonella_phage_epsilon34_43016	14157	14481	hypothetical_protein	0	-	14	#808080
NC_011976_Salmonella_phage_epsilon34_43016	14599	15019	hypothetical_protein	0	+	15	#808080
NC_011976_Salmonella_phage_epsilon34_43016	15035	15287	partition_protein_ATPase	0	-	16	#ECE190
NC_011976_Salmonella_phage_epsilon34_43016	15377	15539	Arc-like_repressor	0	+	17	#840645
NC_011976_Salmonella_phage_epsilon34_43016	15607	16510	antirepressor_Ant	0	+	18	#840645
NC_011976_Salmonella_phage_epsilon34_43016	16610	18431	tail_fiber_protein	0	+	19	#33CCFF
NC_011976_Salmonella_phage_epsilon34_43016	18466	20122	DUF6056_family_protein	0	-	20	#808080
NC_011976_Salmonella_phage_epsilon34_43016	20121	21039	GtrB_glycosyltransferase_for_O-antigen_conversion	0	-	21	#DAE9F8
NC_011976_Salmonella_phage_epsilon34_43016	21035	21398	GtrA-like_O-antigen_conversion	0	-	22	#DAE9F8
NC_011976_Salmonella_phage_epsilon34_43016	21660	22824	integrase	0	-	23	#92D050
NC_011976_Salmonella_phage_epsilon34_43016	22679	23051	excisionase	0	-	24	#04C87D
NC_011976_Salmonella_phage_epsilon34_43016	23113	23386	hypothetical_protein	0	-	25	#808080
NC_011976_Salmonella_phage_epsilon34_43016	23385	24141	DUF551_domain-containing_protein	0	-	26	#808080
NC_011976_Salmonella_phage_epsilon34_43016	24144	24363	released_from_the_phage_upon_host_infection	0	-	27	#ECE190
NC_011976_Salmonella_phage_epsilon34_43016	24364	25198	ead/Ea22-like_family_protein	0	-	28	#CEAC30
NC_011976_Salmonella_phage_epsilon34_43016	25194	25554	Eaf_protein	0	-	29	#CEAC30
NC_011976_Salmonella_phage_epsilon34_43016	25528	25666	hypothetical_protein	0	-	30	#808080
NC_011976_Salmonella_phage_epsilon34_43016	25662	26355	HNH_endonuclease	0	-	31	#CEAC30
NC_011976_Salmonella_phage_epsilon34_43016	25662	26229	HNH_endonuclease	0	-	32	#CEAC30
NC_011976_Salmonella_phage_epsilon34_43016	26351	26522	DUF2737_family_protein	0	-	33	#808080
NC_011976_Salmonella_phage_epsilon34_43016	26532	26826	abc2_anti-RecBCD	0	-	34	#FFA7A7
NC_011976_Salmonella_phage_epsilon34_43016	26841	27390	3-5_exoribonuclease	0	-	35	#CEAC30
NC_011976_Salmonella_phage_epsilon34_43016	27398	27905	single_strand_DNA_binding_protein	0	-	36	#808080
NC_011976_Salmonella_phage_epsilon34_43016	27905	28613	Erf-like_ssDNA_annealing_protein	0	-	37	#808080
NC_011976_Salmonella_phage_epsilon34_43016	28621	28810	recombinase	0	-	38	#FFA7A7
NC_011976_Salmonella_phage_epsilon34_43016	28806	28920	Kil_protein_for_bacterial_septation_inhibition	0	-	39	#840645
NC_011976_Salmonella_phage_epsilon34_43016	28912	29059	CIII_anti-termination	0	-	40	#840645
NC_011976_Salmonella_phage_epsilon34_43016	29263	29389	hypothetical_protein	0	-	41	#808080
NC_011976_Salmonella_phage_epsilon34_43016	29388	29667	hypothetical_protein	0	-	42	#808080
NC_011976_Salmonella_phage_epsilon34_43016	29700	30210	pentapeptide_repeat-containing_protein	0	-	43	#808080
NC_011976_Salmonella_phage_epsilon34_43016	30288	30651	anti-termination_protein_N-like	0	-	44	#840645
NC_011976_Salmonella_phage_epsilon34_43016	31322	31634	hypothetical_protein	0	-	45	#808080
NC_011976_Salmonella_phage_epsilon34_43016	31620	32091	hypothetical_protein	0	-	46	#808080
NC_011976_Salmonella_phage_epsilon34_43016	32090	32729	LexA_family_transcriptional_regulator	0	-	47	#840645
NC_011976_Salmonella_phage_epsilon34_43016	32853	33063	helix-turn-helix_domain-containing_protein	0	+	48	#808080
NC_011976_Salmonella_phage_epsilon34_43016	33196	33487	CII-like_transcriptional_activator	0	+	49	#840645
NC_011976_Salmonella_phage_epsilon34_43016	33507	33669	hypothetical_protein	0	+	50	#808080
NC_011976_Salmonella_phage_epsilon34_43016	33655	34504	replication_protein	0	+	51	#808080
NC_011976_Salmonella_phage_epsilon34_43016	34507	34615	hypothetical_protein	0	+	52	#808080
NC_011976_Salmonella_phage_epsilon34_43016	34614	36495	toprim_domain-containing_protein	0	+	53	#808080
NC_011976_Salmonella_phage_epsilon34_43016	36495	36774	hypothetical_protein	0	+	54	#808080
NC_011976_Salmonella_phage_epsilon34_43016	36770	36851	NinA	0	+	55	#CEAC30
NC_011976_Salmonella_phage_epsilon34_43016	36847	37285	NinB/_Orf_homologous_recombination_mediator	0	+	56	#CEAC30
NC_011976_Salmonella_phage_epsilon34_43016	37281	37455	NinD	0	+	57	#CEAC30
NC_011976_Salmonella_phage_epsilon34_43016	37421	37604	NinE_family_protein	0	+	58	#CEAC30
NC_011976_Salmonella_phage_epsilon34_43016	37600	37771	NinF	0	+	59	#CEAC30
NC_011976_Salmonella_phage_epsilon34_43016	37763	38000	hypothetical_protein	0	+	60	#808080
NC_011976_Salmonella_phage_epsilon34_43016	37980	38451	NinG-Rap_DNA_junction_specific_endonuclease	0	+	61	#CEAC30
NC_011976_Salmonella_phage_epsilon34_43016	38438	38621	NinZ	0	+	62	#CEAC30
NC_011976_Salmonella_phage_epsilon34_43016	38617	39241	antitermination_protein	0	+	63	#840645
NC_011976_Salmonella_phage_epsilon34_43016	39330	39540	hypothetical_protein	0	+	64	#808080
NC_011976_Salmonella_phage_epsilon34_43016	39675	40002	holin/anti-holin	0	+	65	#937539
NC_011976_Salmonella_phage_epsilon34_43016	39985	40462	endolysin	0	+	66	#A03214
NC_011976_Salmonella_phage_epsilon34_43016	40458	40896	Rz-like_spanin	0	+	67	#A03214
NC_011976_Salmonella_phage_epsilon34_43016	40657	40843	Rz-like_spanin	0	+	68	#A03214
NC_011976_Salmonella_phage_epsilon34_43016	40883	41036	hypothetical_protein	0	+	69	#808080
NC_011976_Salmonella_phage_epsilon34_43016	41240	41726	GIY-YIG_nuclease_family_protein	0	+	70	#808080
NC_011976_Salmonella_phage_epsilon34_43016	41973	42216	DUF2560_family_protein	0	+	71	#808080
NC_011976_Salmonella_phage_epsilon34_43016	42219	42609	hypothetical_protein	0	+	72	#808080
NC_011976_Salmonella_phage_epsilon34_43016	42608	43013	head_decoration_protein	0	+	73	#FF0000
U1505s_Salmonella_phage_epsilon34_17887	83	1139	Acyl-transf-3_domain-containing_protein	0	+	1	
U1505s_Salmonella_phage_epsilon34_17887	1202	2954	Endorhamnosidase	0	-	2	
U1505s_Salmonella_phage_epsilon34_17887	3193	3523	Phage_protein	0	+	3	
U1505s_Salmonella_phage_epsilon34_17887	3540	5433	DNA_transfer_protein	0	-	4	
U1505s_Salmonella_phage_epsilon34_17887	5432	6788	Ejection_protein	0	-	5	
U1505s_Salmonella_phage_epsilon34_17887	6797	7487	DNA_transfer_protein	0	-	6	
U1505s_Salmonella_phage_epsilon34_17887	7489	7951	DUF2824_domain-containing_protein	0	-	7	
U1505s_Salmonella_phage_epsilon34_17887	7950	8652	26	0	-	8	
U1505s_Salmonella_phage_epsilon34_17887	8655	10074	Packaged_DNA_stabilization_protein_gp10	0	-	9	
U1505s_Salmonella_phage_epsilon34_17887	10033	10534	Peptidoglycan_hydrolase_gp4	0	-	10	
U1505s_Salmonella_phage_epsilon34_17887	10517	11078	Prophage_protein	0	-	11	
U1505s_Salmonella_phage_epsilon34_17887	11118	12411	Major_capsid_protein	0	-	12	
U1505s_Salmonella_phage_epsilon34_17887	12410	13322	Scaffolding_protein	0	-	13	
U1505s_Salmonella_phage_epsilon34_17887	13335	15513	Portal_protein	0	-	14	
U1505s_Salmonella_phage_epsilon34_17887	15512	17012	Terminase,_large_subunit	0	-	15	
U1505s_Salmonella_phage_epsilon34_17887	16989	17478	Terminase,_small_subunit	0	-	16	
U1505s_Salmonella_phage_epsilon34_17887	17481	17886	Decoration_protein	0	-	17	
