# Annotated with Bakta
# Software: v1.9.1
# Database: v5.0, full
# DOI: 10.1099/mgen.0.000685
# URL: github.com/oschwengers/bakta
#Sequence Id	Type	Start	Stop	Strand	Locus Tag	Gene	Product	DbXrefs
contig_1	cds	1	1437	-	EODIHB_00005		20	RefSeq:WP_000246977.1, SO:0001217, UniParc:UPI000035358C, UniRef:UniRef100_Q76H14, UniRef:UniRef50_Q01076, UniRef:UniRef90_Q76H14
contig_1	cds	1448	2137	-	EODIHB_00010		DNA transfer protein gp7	GO:0046718, RefSeq:WP_000964904.1, SO:0001217, UniParc:UPI00025287EA, UniRef:UniRef100_A0A732Z1K5, UniRef:UniRef50_Q01074, UniRef:UniRef90_Q01074
contig_1	cds	2140	2595	-	EODIHB_00015		Protein gp14	RefSeq:WP_000627593.1, SO:0001217, UniParc:UPI000035358A, UniRef:UniRef100_Q76H16, UniRef:UniRef50_Q01075, UniRef:UniRef90_Q01075
contig_1	cds	2595	3296	-	EODIHB_00020		26	RefSeq:WP_000774917.1, SO:0001217, UniParc:UPI0000353589, UniRef:UniRef100_Q76H17, UniRef:UniRef50_P35837, UniRef:UniRef90_Q76H17
contig_1	cds	3300	4718	-	EODIHB_00025		Packaged DNA stabilization protein gp10	RefSeq:WP_001122420.1, SO:0001217, UniParc:UPI0000353588, UniRef:UniRef100_Q76H18, UniRef:UniRef50_P26749, UniRef:UniRef90_P26749
contig_1	cds	4678	5178	-	EODIHB_00030		Peptidoglycan hydrolase gp4	GO:0016787, GO:0098015, GO:0098932, GO:0099002, RefSeq:WP_001166103.1, SO:0001217, UniParc:UPI0000353586, UniRef:UniRef100_Q76H19, UniRef:UniRef50_P26746, UniRef:UniRef90_P26746
contig_1	cds	5162	5722	-	EODIHB_00035		Prophage protein	RefSeq:WP_000538670.1, SO:0001217, UniParc:UPI0000353585, UniRef:UniRef100_B8K1I0, UniRef:UniRef50_B8K1I0, UniRef:UniRef90_B8K1I0
contig_1	cds	5763	7055	-	EODIHB_00040		Major capsid protein	GO:0019028, GO:0039620, GO:0042802, GO:0046729, GO:0046797, RefSeq:WP_001196937.1, SO:0001217, UniParc:UPI000009C3FB, UniRef:UniRef100_E7C9T8, UniRef:UniRef50_P26747, UniRef:UniRef90_P26747
contig_1	cds	7055	7966	-	EODIHB_00045		Scaffolding protein	RefSeq:WP_000433855.1, SO:0001217, UniParc:UPI0000353584, UniRef:UniRef100_Q76H22, UniRef:UniRef50_P26748, UniRef:UniRef90_P26748
contig_1	cds	7980	10157	-	EODIHB_00050		Portal protein	SO:0001217, UniRef:UniRef50_P26744, UniRef:UniRef90_A0A5U8AD25
contig_1	cds	10157	11656	-	EODIHB_00055		Terminase, large subunit	GO:0004519, GO:0005524, GO:0016887, GO:0019073, GO:0043493, GO:0046872, GO:0051276, GO:0098009, RefSeq:WP_000417860.1, SO:0001217, UniParc:UPI0000353582, UniRef:UniRef100_Q76H24, UniRef:UniRef50_P26745, UniRef:UniRef90_P26745
contig_1	cds	11634	12122	-	EODIHB_00060		Terminase, small subunit	GO:0003677, GO:0042802, GO:0043493, GO:0097710, RefSeq:WP_000729923.1, SO:0001217, UniParc:UPI000009BDAB, UniRef:UniRef100_E7C9T4, UniRef:UniRef50_P04893, UniRef:UniRef90_P04893
contig_1	cds	12126	12530	-	EODIHB_00065	dec	Decoration protein	GO:0098021, RefSeq:WP_001687044.1, SO:0001217, UniParc:UPI000009C3F7, UniRef:UniRef100_Q8HAE6, UniRef:UniRef50_Q8HAE6, UniRef:UniRef90_Q8HAE6
contig_1	cds	12530	12919	-	EODIHB_00070		Antirestriction protein	RefSeq:WP_001140562.1, SO:0001217, UniParc:UPI000009C3F6, UniRef:UniRef100_E7C9T2, UniRef:UniRef50_I2B9S3, UniRef:UniRef90_A0A4P6WNT3
contig_1	cds	12923	13165	-	EODIHB_00075		DUF2560 domain-containing protein	RefSeq:WP_000808099.1, SO:0001217, UniParc:UPI0000353581, UniRef:UniRef100_B8K1H2, UniRef:UniRef50_B8K1H2, UniRef:UniRef90_B8K1H2
contig_1	cds	13388	13918	-	EODIHB_00080		KilA-N domain-containing protein	RefSeq:WP_000877028.1, SO:0001217, UniParc:UPI0000353580, UniRef:UniRef100_Q76H61, UniRef:UniRef50_B8K1H1, UniRef:UniRef90_B8K1H1
contig_1	cds	13872	14096	-	EODIHB_00085		SET domain-containing protein	SO:0001217, UniParc:UPI0008FBB454, UniRef:UniRef100_A0A5W0W065, UniRef:UniRef50_A0A2H4FW00, UniRef:UniRef90_A0A2T8ST88
contig_1	cds	14131	14598	-	EODIHB_00090		Spanin, inner membrane subunit	RefSeq:WP_001687043.1, SO:0001217, UniParc:UPI000009B992, UniRef:UniRef100_B8K1H0, UniRef:UniRef50_A0A0M4S624, UniRef:UniRef90_B8K1H0
contig_1	cds	14595	14951	-	EODIHB_00095		Lysozyme	SO:0001217, UniRef:UniRef50_F4VC63, UniRef:UniRef90_A0A789MCS7
contig_1	cds	15704	16477	-	EODIHB_00100		Antitermination protein Q	SO:0001217, UniRef:UniRef50_B8K1G7, UniRef:UniRef90_B8K1G7
contig_1	cds	16834	17058	-	EODIHB_00105	ninY	Putative protein ninY	RefSeq:WP_000036320.1, SO:0001217, UniParc:UPI000035357A, UniRef:UniRef100_E7C9S4, UniRef:UniRef50_Q38668, UniRef:UniRef90_Q38668
contig_1	cds	17055	17666	-	EODIHB_00110	ninG	Protein ninG	RefSeq:WP_001108073.1, SO:0001217, UniParc:UPI0000353579, UniRef:UniRef100_Q76H70, UniRef:UniRef50_P03770, UniRef:UniRef90_P03770
contig_1	cds	17659	17835	-	EODIHB_00115	ninF	Protein ninF	RefSeq:WP_000950963.1, SO:0001217, UniParc:UPI00000B7748, UniRef:UniRef100_A0A1V3CAM0, UniRef:UniRef50_A0A1X3L767, UniRef:UniRef90_A0A1V3CAM0
contig_1	cds	18315	18488	-	EODIHB_00120	ninD	Protein ninD	RefSeq:WP_000679703.1, SO:0001217, UniParc:UPI0000353577, UniRef:UniRef100_Q76H74, UniRef:UniRef50_P03767, UniRef:UniRef90_Q38663
contig_1	cds	18485	18922	-	EODIHB_00125	ninB	Protein ninB	RefSeq:WP_000736891.1, SO:0001217, UniParc:UPI0000353576, UniRef:UniRef100_A0A702QNZ5, UniRef:UniRef50_P03765, UniRef:UniRef90_P03765
contig_1	sorf	18919	18999	-	EODIHB_00130	ninA	NinA	SO:0001217, UniParc:UPI0002BAB0FF, UniRef:UniRef100_A0A2H5BFK4, UniRef:UniRef50_Q9AZ16, UniRef:UniRef90_M1FQU6
contig_1	cds	18996	19265	-	EODIHB_00135		Prophage protein	RefSeq:WP_001036030.1, SO:0001217, UniParc:UPI0000353575, UniRef:UniRef100_Q76H50, UniRef:UniRef50_I6S1N5, UniRef:UniRef90_I6S1N5
contig_1	cds	19262	20638	-	EODIHB_00140		Replicative DNA helicase	EC:3.6.4.12, GO:0003677, GO:0003678, GO:0005524, GO:0006260, GO:0016887, RefSeq:WP_001248410.1, SO:0001217, UniParc:UPI0000353574, UniRef:UniRef100_Q76H51, UniRef:UniRef50_P03006, UniRef:UniRef90_P03006
contig_1	cds	20635	21456	-	EODIHB_00145		Phage-rep-O domain-containing protein	RefSeq:WP_000539342.1, SO:0001217, UniParc:UPI0000353573, UniRef:UniRef100_A0A732Z1I3, UniRef:UniRef50_A0A8D5QLK2, UniRef:UniRef90_A0A8D5QLK2
contig_1	cds	21443	21604	-	EODIHB_00150		Prophage protein	RefSeq:WP_000166961.1, SO:0001217, UniParc:UPI000009C236, UniRef:UniRef100_A0A0J2A1R9, UniRef:UniRef50_A0A0J2A1R9, UniRef:UniRef90_A0A0J2A1R9
contig_1	cds	22031	22246	-	EODIHB_00155		Cro	RefSeq:WP_000182204.1, SO:0001217, UniParc:UPI0000353572, UniRef:UniRef100_E7C9R1, UniRef:UniRef50_L0M3L6, UniRef:UniRef90_E7C9R1
contig_1	cds	22564	23046	+	EODIHB_00160		helix-turn-helix transcriptional regulator	SO:0001217, UniRef:UniRef50_A0A8S0FY25, UniRef:UniRef90_UPI00077E0CD6
contig_1	cds	23247	24290	+	EODIHB_00165		P63C domain-containing protein	RefSeq:WP_001280609.1, SO:0001217, UniParc:UPI00016C0E51, UniRef:UniRef100_I1TEF5, UniRef:UniRef50_A0A6V9YI93, UniRef:UniRef90_A0A723MJK1
contig_1	cds	24329	24532	-	EODIHB_00170		Transcriptional regulator	RefSeq:WP_000834175.1, SO:0001217, UniParc:UPI000181184E, UniRef:UniRef100_A0A3U7XK04, UniRef:UniRef50_R4YGP9, UniRef:UniRef90_A0A5W0PX28
contig_1	cds	24896	25198	+	EODIHB_00175		putative regulatory protein N	GO:0006353, RefSeq:WP_000216178.1, SO:0001217, UniParc:UPI000035356F, UniRef:UniRef100_Q76H58, UniRef:UniRef50_P04891, UniRef:UniRef90_P04891
contig_1	cds	25211	25798	-	EODIHB_00180	sieB	SieB	RefSeq:WP_001066179.1, SO:0001217, UniParc:UPI000035356E, UniRef:UniRef100_Q76H59, UniRef:UniRef50_A0A0T9RHQ7, UniRef:UniRef90_Q76H59
contig_1	sorf	25942	26028	+	EODIHB_00185		Highly acidic protein	SO:0001217, UniParc:UPI000009C1A7, UniRef:UniRef100_M1FPM6, UniRef:UniRef50_M1FPM6, UniRef:UniRef90_M1FPM6
contig_1	cds	26012	26206	+	EODIHB_00190	ral	Restriction inhibitor protein ral	GO:0099018, RefSeq:WP_000213982.1, SO:0001217, UniParc:UPI000035356D, UniRef:UniRef100_Q76H34, UniRef:UniRef50_P03703, UniRef:UniRef90_P14113
contig_1	cds	26146	26724	+	EODIHB_00195		hypothetical protein	PFAM:PF00805.25
contig_1	cds	26758	27045	+	EODIHB_00200		Ead/Ea22-like family protein	RefSeq:WP_000713613.1, SO:0001217, UniParc:UPI000035356B, UniRef:UniRef100_Q76H36, UniRef:UniRef50_A0A5X1XHS5, UniRef:UniRef90_A0A5X1XHS5
contig_1	cds	27045	27170	+	EODIHB_00205		Cytoplasmic protein	RefSeq:WP_000405108.1, SO:0001217, UniParc:UPI00016A10B6, UniRef:UniRef100_A0A5C0CAB6, UniRef:UniRef50_A0A0F7J5V0, UniRef:UniRef90_A0A0F7J5V0
contig_1	cds	27357	27635	+	EODIHB_00210		Superinfection exclusion protein	SO:0001217, UniRef:UniRef50_P14109, UniRef:UniRef90_P14109
contig_1	cds	27720	27878	+	EODIHB_00215		Protease FtsH-inhibitory lysogeny factor CIII	RefSeq:WP_000141641.1, SO:0001217, UniParc:UPI0000353569, UniRef:UniRef100_A0A5J1F1A0, UniRef:UniRef50_P14110, UniRef:UniRef90_A0A4S3EMD0
contig_1	cds	27859	28047	+	EODIHB_00220		Kil	RefSeq:WP_000156731.1, SO:0001217, UniParc:UPI0000353568, UniRef:UniRef100_I6RSH7, UniRef:UniRef50_I6RSH7, UniRef:UniRef90_I6RSH7
contig_1	cds	28037	28180	+	EODIHB_00225		DNA recombinase	RefSeq:WP_000902092.1, SO:0001217, UniParc:UPI00025287E3, UniRef:UniRef100_A0A7G6AQK4, UniRef:UniRef50_A0A7G6AQK4, UniRef:UniRef90_A0A7G6AQK4
contig_1	cds	28177	28884	+	EODIHB_00230		Recombinase	RefSeq:WP_001046968.1, SO:0001217, UniParc:UPI0000353567, UniRef:UniRef100_Q76H40, UniRef:UniRef50_A0A7U9DEM6, UniRef:UniRef90_A0A7U9DEM6
contig_1	cds	28884	29168	+	EODIHB_00235	abc1	Anti-RecBCD protein 1	RefSeq:WP_001253476.1, SO:0001217, UniParc:UPI0000353566, UniRef:UniRef100_I6S5Z0, UniRef:UniRef50_P11190, UniRef:UniRef90_P11190
contig_1	cds	29215	29508	+	EODIHB_00240		Abc2	RefSeq:WP_001111291.1, SO:0001217, UniParc:UPI0000353565, UniRef:UniRef100_B8K1D7, UniRef:UniRef50_P11191, UniRef:UniRef90_B8K1D7
contig_1	cds	29519	29689	+	EODIHB_00245		DUF2737 domain-containing protein	RefSeq:WP_001214777.1, SO:0001217, UniParc:UPI0000353564, UniRef:UniRef100_B8K1D6, UniRef:UniRef50_B8K1D6, UniRef:UniRef90_B8K1D6
contig_1	cds	29686	30195	+	EODIHB_00250		Eae protein	RefSeq:WP_000812203.1, SO:0001217, UniParc:UPI0000353563, UniRef:UniRef100_Q76H44, UniRef:UniRef50_A0A4C2ZDC0, UniRef:UniRef90_A0A5X4DG74
contig_1	cds	30238	31056	+	EODIHB_00255		ORF8	SO:0001217, UniRef:UniRef50_A0A2S8DHB1, UniRef:UniRef90_Q76H45
contig_1	cds	31056	31340	+	EODIHB_00260		DUF4752 domain-containing protein	RefSeq:WP_000371199.1, SO:0001217, UniParc:UPI0000353561, UniRef:UniRef100_Q76H46, UniRef:UniRef50_A0A076LNU1, UniRef:UniRef90_B7LUD8
contig_1	cds	31333	31617	+	EODIHB_00265		ASCH domain-containing protein	RefSeq:WP_000002104.1, SO:0001217, UniParc:UPI0000353560, UniRef:UniRef100_Q76H28, UniRef:UniRef50_A0A0H2V6N3, UniRef:UniRef90_B7MJC8
contig_1	cds	31689	31826	+	EODIHB_00270		Conserved membrane protein	SO:0001217, UniParc:UPI00025287E2, UniRef:UniRef100_A0A7G6AQM7, UniRef:UniRef50_A0A7W2WQ88, UniRef:UniRef90_A0A6M3PS42
contig_1	cds	32419	33219	+	EODIHB_00275		Mobile element protein	SO:0001217, UniRef:UniRef50_W1F5J3
contig_1	tRNA	33234	33309	-	EODIHB_00280	trnT	tRNA-Thr(cgt)	SO:0000270
contig_1	cds	33425	34675	-	EODIHB_00285	proA	glutamate-5-semialdehyde dehydrogenase	COG:COG0014, COG:E, EC:1.2.1.41, GO:0004350, GO:0005737, GO:0050661, GO:0055129, RefSeq:WP_000893231.1, SO:0001217, UniParc:UPI00001322BA, UniRef:UniRef100_P40861, UniRef:UniRef50_Q5E6W0, UniRef:UniRef90_P40861
contig_1	cds	34687	35790	-	EODIHB_00290	proB	Glutamate 5-kinase	COG:COG0263, COG:E, EC:2.7.2.11, GO:0003723, GO:0004349, GO:0005524, GO:0005737, GO:0016310, GO:0055129, RefSeq:WP_001285275.1, SO:0001217, UniParc:UPI000005A284, UniRef:UniRef100_B5EWK5, UniRef:UniRef50_P17856, UniRef:UniRef90_Q7UDL2
