ID	Pos. Inicial	Pos. Final	Gen ID	Nada	Direccion	Gen #	color
NC_010392_Phage_Gifsy-1_48492	424	1918	leucine-rich_repeat_protein	0	+	1	#808080
NC_010392_Phage_Gifsy-1_48492	2804	3350	hypothetical_protein	0	+	2	#808080
NC_010392_Phage_Gifsy-1_48492	4461	4689	PagK-like_protein	0	+	3	#808080
NC_010392_Phage_Gifsy-1_48492	4785	5364	bacteriophage_side_tail_fiber_assembly_factor_structural_component_Lambda_gpTfa_homolog	0	-	4	#33CCFF
NC_010392_Phage_Gifsy-1_48492	5353	6178	conserved_hypothetical_protein-_contains_pfam01661__Macro__Macro_domain	0	-	5	#808080
NC_010392_Phage_Gifsy-1_48492	6174	8547	bacteriophage_side_tail_fiber_protein-_Lambda_gpSft_gpN_homolog	0	-	6	#33CCFF
NC_010392_Phage_Gifsy-1_48492	8600	8843	hypothetical_protein	0	-	7	#808080
NC_010392_Phage_Gifsy-1_48492	8964	12243	bacteriophage_host_specificity_protein_tail_fiber-_Lambda_gpJ_homolog	0	-	8	#33CCFF
NC_010392_Phage_Gifsy-1_48492	12304	12952	bacteriophage_tail_tip_assembly_protein_Lambda_gpI_homolog	0	-	9	#33CCFF
NC_010392_Phage_Gifsy-1_48492	12849	13449	bacteriophage_tail_tip_assembly_protein_Lambda_gpK_homolog	0	-	10	#33CCFF
NC_010392_Phage_Gifsy-1_48492	13593	14292	bacteriophage_tail_tip_assembly_protein_Lambda_gpL_homolog	0	-	11	#33CCFF
NC_010392_Phage_Gifsy-1_48492	14301	14631	bacteriophage_tail_tip_assembly_protein_Lambda_gpM_homolog	0	-	12	#33CCFF
NC_010392_Phage_Gifsy-1_48492	14633	17729	bacteriophage_tail_tape_measure_protein_minor_tail_protein-_Lambda_gpH_homolog	0	-	13	#33CCFF
NC_010392_Phage_Gifsy-1_48492	17700	18039	part_of_bacteriophage_tail_assembly_chaperone_gpG_by_translational_frameshifting_Lambda_gpT_homolog	0	-	14	#33CCFF
NC_010392_Phage_Gifsy-1_48492	18035	18431	bacteriophage_tail_assembly_chaperone-_Lambda_gpG_homolog	0	-	15	#33CCFF
NC_010392_Phage_Gifsy-1_48492	18481	19225	bacteriophage_major_tail_subunit-_Lambda_gpV_homolog	0	-	16	#33CCFF
NC_010392_Phage_Gifsy-1_48492	19235	19637	bacteriophage_tail_shaft_stabilization_protein-_Lambda_gpU_homolog	0	-	17	#33CCFF
NC_010392_Phage_Gifsy-1_48492	19745	20876	transposase	0	+	18	#FFA7A7
NC_010392_Phage_Gifsy-1_48492	20924	21503	bacteriophage_head-tail_assembly_protein_LambdagpZ_homolog	0	-	19	#FE6700
NC_010392_Phage_Gifsy-1_48492	21530	21914	bacteriophage_minor_capsid_protein-_forms_tail_attachment_site_on_head_Lambda_FII_homolog	0	-	20	#FF0000
NC_010392_Phage_Gifsy-1_48492	21924	22284	bacteriophage_accessory_DNA_packaging_protein_Lambda_FI_homolog	0	-	21	#A50EE8
NC_010392_Phage_Gifsy-1_48492	22341	23370	bacteriophage_major_capsid_protein_Lambda_gpE_homolog	0	-	22	#FF0000
NC_010392_Phage_Gifsy-1_48492	23424	23772	bacteriophage_head_decoration_protein_Lambda_gpD_homolog	0	-	23	#FF0000
NC_010392_Phage_Gifsy-1_48492	23784	25281	bacteriophage_prohead_protease_Lambda_gpC_homolog	0	-	24	#A03214
NC_010392_Phage_Gifsy-1_48492	25270	26851	bacteriophage_portal_protein_Lambda_gpB_homolog	0	-	25	#F3E311
NC_010392_Phage_Gifsy-1_48492	26847	27051	bacteriophage_head-to-tail_joining_protein-_adapter_between_portal_and_gpFII_Lambda_gpW_homolog	0	-	26	#FE6700
NC_010392_Phage_Gifsy-1_48492	27034	28966	DNA_packaging_protein_large_terminase_subunit-_Lambda_gpA_homolog	0	-	27	#0039AC
NC_010392_Phage_Gifsy-1_48492	28987	29482	DNA_packaging_protein_small_terminase_subunit-_Lambda_Nu1_homolog	0	-	28	#0039AC
NC_010392_Phage_Gifsy-1_48492	29768	30170	hypothetical_protein	0	+	29	#808080
NC_010392_Phage_Gifsy-1_48492	30405	30858	bacteriophage_lysis_protein_Rz	0	-	30	#A03214
NC_010392_Phage_Gifsy-1_48492	30875	31325	bacteriophage_lysin_protein-_endolysin	0	-	31	#A03214
NC_010392_Phage_Gifsy-1_48492	31311	31641	bacteriophage_lysis_protein-_holin	0	-	32	#A03214
NC_010392_Phage_Gifsy-1_48492	31916	32603	virulence_protein_GogA	0	+	33	#DAE9F8
NC_010392_Phage_Gifsy-1_48492	32817	33006	hypothetical_protein	0	-	34	#808080
NC_010392_Phage_Gifsy-1_48492	33512	34076	conserved_hypothetical_bacteriophage_protein	0	-	35	#808080
NC_010392_Phage_Gifsy-1_48492	34348	35026	bacteriophage_antiterminator_protein_Q	0	-	36	#840645
NC_010392_Phage_Gifsy-1_48492	35022	35163	conserved_hypothetical_bacteriophage_protein	0	-	37	#808080
NC_010392_Phage_Gifsy-1_48492	35159	35771	NinG	0	-	38	#CEAC30
NC_010392_Phage_Gifsy-1_48492	35773	35974	hypothetical_protein	0	-	39	#808080
NC_010392_Phage_Gifsy-1_48492	35979	36582	conserved_hypothetical_bacteriophage_protein	0	-	40	#808080
NC_010392_Phage_Gifsy-1_48492	36664	36886	hypothetical_protein	0	-	41	#808080
NC_010392_Phage_Gifsy-1_48492	36997	37231	bacteriophage_putative_DNA_damage-inducible_protein_DinI_homolog	0	-	42	#808080
NC_010392_Phage_Gifsy-1_48492	37522	37792	hypothetical_protein	0	-	43	#808080
NC_010392_Phage_Gifsy-1_48492	37890	38202	conserved_hypothetical_bacteriophage_protein	0	-	44	#808080
NC_010392_Phage_Gifsy-1_48492	38198	38546	hypothetical_protein	0	-	45	#808080
NC_010392_Phage_Gifsy-1_48492	38556	39306	bacteriophage_DNA_replication_protein_DnaC_homolog	0	-	46	#A50EE8
NC_010392_Phage_Gifsy-1_48492	39308	40286	bacteriophage_replication_protein_O	0	-	47	#A50EE8
NC_010392_Phage_Gifsy-1_48492	40376	40751	probable_regulatory_protein_transcriptional_activator_lambda_CII_analog	0	-	48	#840645
NC_010392_Phage_Gifsy-1_48492	40716	40956	conserved_hypothetical_prophage_protein_putative_Cro_analog	0	-	49	#840645
NC_010392_Phage_Gifsy-1_48492	41075	41486	probable_regulatory_protein_putative_repressor_protein_helix-turn-helix_motif	0	+	50	#808080
NC_010392_Phage_Gifsy-1_48492	41679	41796	hypothetical_protein	0	+	51	#808080
NC_010392_Phage_Gifsy-1_48492	41788	41947	hypothetical_protein	0	+	52	#808080
NC_010392_Phage_Gifsy-1_48492	41968	42319	hypothetical_protein	0	+	53	#808080
NC_010392_Phage_Gifsy-1_48492	42445	45331	bacteriophage_exodeoxyribonuclease_VIII-like_protein	0	+	54	#CEAC30
NC_010392_Phage_Gifsy-1_48492	45341	46451	RecT	0	+	55	#CEAC30
NC_010392_Phage_Gifsy-1_48492	46493	46733	hypothetical_protein	0	+	56	#808080
NC_010392_Phage_Gifsy-1_48492	46773	47058	hypothetical_protein	0	+	57	#808080
NC_010392_Phage_Gifsy-1_48492	47035	48265	bacteriophage_integrase_protein	0	-	58	#92D050
CSG177_Phage_Gifsy-1_19208	183	636	Phage-related_lysozyme_muramidase_GH24_family	0	+	1	
CSG177_Phage_Gifsy-1_19208	632	1106	Endopeptidase	0	+	2	
CSG177_Phage_Gifsy-1_19208	1341	1743	Inhibitor_of_g-type_lysozyme	0	-	3	
CSG177_Phage_Gifsy-1_19208	2029	2575	Phage_DNA_packaging_protein_Nu1_subunit_of_terminase	0	+	4	
CSG177_Phage_Gifsy-1_19208	2546	4478	Phage_terminase_large_subunit_GpA	0	+	5	
CSG177_Phage_Gifsy-1_19208	4461	4665	Phage_tail_protein	0	+	6	
CSG177_Phage_Gifsy-1_19208	4622	6242	phage_portal_protein	0	+	7	
CSG177_Phage_Gifsy-1_19208	6231	7728	Periplasmic_serine_protease_ClpP_class	0	+	8	
CSG177_Phage_Gifsy-1_19208	7740	8088	Head_decoration_protein	0	+	9	
CSG177_Phage_Gifsy-1_19208	8142	9171	Major_capsid_protein	0	+	10	
CSG177_Phage_Gifsy-1_19208	9228	9588	DNA_packaging_protein	0	+	11	
CSG177_Phage_Gifsy-1_19208	9598	9982	Phage_tail_protein	0	+	12	
CSG177_Phage_Gifsy-1_19208	10009	10588	Gifsy-1_prophagei_VmtZ	0	+	13	
CSG177_Phage_Gifsy-1_19208	10636	11767	Transposase	0	-	14	
CSG177_Phage_Gifsy-1_19208	11875	12277	Phage_tail_protein	0	+	15	
CSG177_Phage_Gifsy-1_19208	12287	13031	Uncharacterized_conserved_protein_YjdB_contains_Ig-like_domain	0	+	16	
CSG177_Phage_Gifsy-1_19208	13081	13477	phage_minor_tail_protein_G	0	+	17	
CSG177_Phage_Gifsy-1_19208	13497	13812	phage_tail_assembly_protein_T	0	+	18	
CSG177_Phage_Gifsy-1_19208	13783	16879	Phage-related_minor_tail_protein	0	+	19	
CSG177_Phage_Gifsy-1_19208	16881	17211	Phage_tail_protein	0	+	20	
CSG177_Phage_Gifsy-1_19208	17220	17919	phage_minor_tail_protein_L	0	+	21	
CSG177_Phage_Gifsy-1_19208	17910	18516	hypothetical_protein	0	-	22	
CSG177_Phage_Gifsy-1_19208	18560	19208	Phage-related_protein_tail_assembly_protein_I	0	+	23	
