ID	Pos. Inicial	Pos. Final	Gen ID	Nada	Direccion	Gen #	color
NC_047854_Seongnamvirus_ESSI2_28765	198	1899	baseplate_protein	0	-	1	#FE6700
NC_047854_Seongnamvirus_ESSI2_28765	300	789	hypothetical_protein	0	+	2	#808080
NC_047854_Seongnamvirus_ESSI2_28765	1901	2450	hypothetical_protein	0	-	3	#808080
NC_047854_Seongnamvirus_ESSI2_28765	2247	2610	hypothetical_protein	0	+	4	#808080
NC_047854_Seongnamvirus_ESSI2_28765	2421	3147	hypothetical_protein	0	-	5	#808080
NC_047854_Seongnamvirus_ESSI2_28765	3136	3676	tail_fiber_assembly_protein	0	-	6	#33CCFF
NC_047854_Seongnamvirus_ESSI2_28765	3654	5730	tail_fiber_protein	0	-	7	#33CCFF
NC_047854_Seongnamvirus_ESSI2_28765	4869	5634	hypothetical_protein	0	+	8	#808080
NC_047854_Seongnamvirus_ESSI2_28765	5645	6233	tail_protein	0	-	9	#33CCFF
NC_047854_Seongnamvirus_ESSI2_28765	6225	7410	baseplate_J/gp47_family_protein	0	-	10	#FE6700
NC_047854_Seongnamvirus_ESSI2_28765	6333	7275	hypothetical_protein	0	+	11	#808080
NC_047854_Seongnamvirus_ESSI2_28765	7406	7751	DUF2590_family_protein	0	-	12	#808080
NC_047854_Seongnamvirus_ESSI2_28765	7732	9790	tail_tape_measure_protein	0	-	13	#33CCFF
NC_047854_Seongnamvirus_ESSI2_28765	9185	9512	hypothetical_protein	0	+	14	#808080
NC_047854_Seongnamvirus_ESSI2_28765	10221	10521	hypothetical_protein	0	-	15	#808080
NC_047854_Seongnamvirus_ESSI2_28765	10381	10714	Rz-like_spanin	0	-	16	#A03214
NC_047854_Seongnamvirus_ESSI2_28765	10713	11019	endolysin	0	-	17	#A03214
NC_047854_Seongnamvirus_ESSI2_28765	11358	11814	tail_protein	0	-	18	#33CCFF
NC_047854_Seongnamvirus_ESSI2_28765	11810	12938	tail_sheath	0	-	19	#33CCFF
NC_047854_Seongnamvirus_ESSI2_28765	12934	13642	tail_completion_or_Neck1_protein	0	-	20	#33CCFF
NC_047854_Seongnamvirus_ESSI2_28765	13641	14142	tail_terminator	0	-	21	#33CCFF
NC_047854_Seongnamvirus_ESSI2_28765	14138	14591	head-tail_adaptor_Ad1	0	-	22	#FE6700
NC_047854_Seongnamvirus_ESSI2_28765	14175	14508	hypothetical_protein	0	+	23	#808080
NC_047854_Seongnamvirus_ESSI2_28765	14687	15386	terminase_small_subunit	0	-	24	#0039AC
NC_047854_Seongnamvirus_ESSI2_28765	14897	15377	hypothetical_protein	0	+	25	#808080
NC_047854_Seongnamvirus_ESSI2_28765	15389	16412	major_capsid_protein,_P2_family	0	-	26	#FF0000
NC_047854_Seongnamvirus_ESSI2_28765	15913	16237	hypothetical_protein	0	-	27	#808080
NC_047854_Seongnamvirus_ESSI2_28765	16472	17297	head_scaffolding_protein	0	-	28	#FF0000
NC_047854_Seongnamvirus_ESSI2_28765	17320	19240	terminase_large_subunit	0	+	29	#0039AC
NC_047854_Seongnamvirus_ESSI2_28765	18412	19177	hypothetical_protein	0	-	30	#808080
NC_047854_Seongnamvirus_ESSI2_28765	19236	20277	portal_protein	0	+	31	#F3E311
NC_047854_Seongnamvirus_ESSI2_28765	20276	20597	transcriptional_regulator	0	+	32	#840645
NC_047854_Seongnamvirus_ESSI2_28765	20913	22932	nicking_at_origin_of_replication	0	-	33	#A50EE8
NC_047854_Seongnamvirus_ESSI2_28765	22412	22739	hypothetical_protein	0	-	34	#808080
NC_047854_Seongnamvirus_ESSI2_28765	22928	23792	DNA_methyltransferase	0	-	35	#A50EE8
NC_047854_Seongnamvirus_ESSI2_28765	24321	24723	hypothetical_protein	0	-	36	#808080
NC_047854_Seongnamvirus_ESSI2_28765	24354	25059	hypothetical_protein	0	+	37	#808080
NC_047854_Seongnamvirus_ESSI2_28765	24719	25028	hypothetical_protein	0	-	38	#808080
NC_047854_Seongnamvirus_ESSI2_28765	24726	25113	hypothetical_protein	0	-	39	#808080
NC_047854_Seongnamvirus_ESSI2_28765	25337	25841	CII-like_transcriptional_activator	0	-	40	#840645
NC_047854_Seongnamvirus_ESSI2_28765	25895	26201	Cox-like_excisionase_and_repressor	0	-	41	#840645
NC_047854_Seongnamvirus_ESSI2_28765	25934	26852	repressor_protein_CI	0	+	42	#840645
NC_047854_Seongnamvirus_ESSI2_28765	26851	27868	integrase	0	+	43	#92D050
CSG177_Seongnamvirus_ESSI2_30206	0	546	Phage_protein	0	-	1	
CSG177_Seongnamvirus_ESSI2_30206	517	1243	Phage_protein	0	-	2	
CSG177_Seongnamvirus_ESSI2_30206	1232	1790	Gp20	0	-	3	
CSG177_Seongnamvirus_ESSI2_30206	1799	4034	Phage_tail_protein	0	-	4	
CSG177_Seongnamvirus_ESSI2_30206	4043	4631	Phage_tail_protein	0	-	5	
CSG177_Seongnamvirus_ESSI2_30206	4623	5808	Baseplate-J_domain-containing_protein	0	-	6	
CSG177_Seongnamvirus_ESSI2_30206	5804	6134	DUF2590_domain-containing_protein	0	-	7	
CSG177_Seongnamvirus_ESSI2_30206	6194	6596	hypothetical_protein	0	+	8	
CSG177_Seongnamvirus_ESSI2_30206	7105	7864	hypothetical_protein	0	+	9	
CSG177_Seongnamvirus_ESSI2_30206	8288	8546	Phage_protein	0	-	10	
CSG177_Seongnamvirus_ESSI2_30206	8692	9025	Phage_spanin_Rz	0	-	11	
CSG177_Seongnamvirus_ESSI2_30206	9024	9366	Peptidase-M15-4_domain-containing_protein	0	-	12	
CSG177_Seongnamvirus_ESSI2_30206	9362	9656	Holin	0	-	13	
CSG177_Seongnamvirus_ESSI2_30206	9665	10121	DUF2597_domain-containing_protein	0	-	14	
CSG177_Seongnamvirus_ESSI2_30206	10117	11245	Phage_tail_protein	0	-	15	
CSG177_Seongnamvirus_ESSI2_30206	11241	11949	Phage_virion_morphogenesis_protein	0	-	16	
CSG177_Seongnamvirus_ESSI2_30206	11945	12452	Phage_tail_protein	0	-	17	
CSG177_Seongnamvirus_ESSI2_30206	12448	12901	Head_completion_protein	0	-	18	
CSG177_Seongnamvirus_ESSI2_30206	12997	13699	Terminase	0	-	19	
CSG177_Seongnamvirus_ESSI2_30206	13702	14725	phage_major_capsid_protein,_P2_family	0	-	20	
CSG177_Seongnamvirus_ESSI2_30206	14786	15590	Phage_capsid_protein	0	-	21	
CSG177_Seongnamvirus_ESSI2_30206	15750	17526	Uncharacterized_conserved_protein_YjcR,_contains_N-terminal_HTH_domain	0	+	22	
CSG177_Seongnamvirus_ESSI2_30206	17522	18584	phage_portal_protein	0	+	23	
CSG177_Seongnamvirus_ESSI2_30206	18634	18904	Ogr-Delta_domain-containing_protein	0	+	24	
CSG177_Seongnamvirus_ESSI2_30206	19203	21225	Replication_gene_A_protein_from_bacteriophage_origin	0	-	25	
CSG177_Seongnamvirus_ESSI2_30206	21221	22082	Site-specific_DNA-methyltransferase_(adenine-specific)	0	-	26	
CSG177_Seongnamvirus_ESSI2_30206	22072	22306	DUF2732_domain-containing_protein	0	-	27	
CSG177_Seongnamvirus_ESSI2_30206	22373	22622	hypothetical_protein	0	-	28	
CSG177_Seongnamvirus_ESSI2_30206	22774	23200	Reverse_transcriptase	0	-	29	
CSG177_Seongnamvirus_ESSI2_30206	23189	23417	DUF2724_domain-containing_protein	0	-	30	
CSG177_Seongnamvirus_ESSI2_30206	23426	23930	Phage_regulatory_CII_family_protein	0	-	31	
CSG177_Seongnamvirus_ESSI2_30206	23960	24221	Regulator	0	-	32	
CSG177_Seongnamvirus_ESSI2_30206	24325	24907	Phage_repressor_protein	0	+	33	
CSG177_Seongnamvirus_ESSI2_30206	24923	25490	BPH-3_domain-containing_protein	0	+	34	
CSG177_Seongnamvirus_ESSI2_30206	25493	26531	Integrase	0	+	35	
CSG177_Seongnamvirus_ESSI2_30206	26520	28302	KAP_NTPase_domain-containing_protein	0	+	36	
CSG177_Seongnamvirus_ESSI2_30206	28559	29327	NADPH-dependent_ferric_siderophore_reductase,_contains_FAD-binding_and_SIP_domains	0	-	37	
CSG177_Seongnamvirus_ESSI2_30206	29561	30206	PadR_family_transcriptional_regulator	0	+	38