# Annotated with Bakta
# Software: v1.9.1
# Database: v5.0, full
# DOI: 10.1099/mgen.0.000685
# URL: github.com/oschwengers/bakta
#Sequence Id	Type	Start	Stop	Strand	Locus Tag	Gene	Product	DbXrefs
contig_1	cds	1546	1932	+	FFNIKC_00005		hypothetical protein	
contig_1	cds	1829	2722	-	FFNIKC_00010		Host specificity protein J	SO:0001217, UniParc:UPI0003B0A43D, UniRef:UniRef100_UPI0003B0A43D, UniRef:UniRef50_A0A636GTV8, UniRef:UniRef90_A0A636GTV8
contig_1	cds	2794	3474	-	FFNIKC_00015		Phage-related protein, tail assembly protein I	COG:COG4723, COG:X, SO:0001217, UniRef:UniRef50_A0A3P4HNG7, UniRef:UniRef90_A0A5H6XW40
contig_1	cds	3705	4133	-	FFNIKC_00020		C40 family peptidase	SO:0001217, UniRef:UniRef50_D7XMN7, UniRef:UniRef90_UPI0009AFAF7B
contig_1	cds	4143	4838	-	FFNIKC_00025	gp18	phage minor tail protein L	COG:COG4672, COG:X, RefSeq:WP_022742655.1, SO:0001217, UniParc:UPI0003B0F40A, UniRef:UniRef100_A0A718QTH4, UniRef:UniRef50_Q9FZU6, UniRef:UniRef90_A0A7Z1KKQ2
contig_1	cds	4928	5461	+	FFNIKC_00030	sodC1	superoxide dismutase [Cu-Zn] SodC1	COG:COG2032, COG:P, EC:1.15.1.1, GO:0004784, GO:0005507, GO:0019430, GO:0042597, GO:0042802, NCBIProtein:AAL19978.1, RefSeq:WP_000877926.1, SO:0001217, UniParc:UPI0000135B74, UniRef:UniRef100_E8XDJ8, UniRef:UniRef50_P24702, UniRef:UniRef90_E8XDJ8, VFDB:VFC0282, VFDB:VFG000463
contig_1	cds	5578	6075	-	FFNIKC_00035	lomR	Opacity protein LomR and related surface antigens	COG:COG3637, COG:M, RefSeq:WP_000725267.1, SO:0001217, UniParc:UPI00000E587F, UniRef:UniRef100_A0A3U8BY84, UniRef:UniRef50_A0A5U9KW60, UniRef:UniRef90_A0A5X4LWU7
contig_1	cds	6174	6506	-	FFNIKC_00040		Phage tail protein	COG:COG4718, COG:X, RefSeq:WP_000978296.1, SO:0001217, UniParc:UPI00000DA0BB, UniRef:UniRef100_A0A3R0E2S7, UniRef:UniRef50_A0A2X3K2W7, UniRef:UniRef90_C0PVU1
contig_1	cds	6503	9589	-	FFNIKC_00045		Phage-related minor tail protein	COG:COG5281, COG:X, SO:0001217, UniParc:UPI00016A2173, UniRef:UniRef100_A0A7G2DI28, UniRef:UniRef50_A0A403F0Q0, UniRef:UniRef90_A0A379UNQ3
contig_1	cds	9570	9821	-	FFNIKC_00050		phage tail assembly protein T	SO:0001217, UniParc:UPI00004F7AB2, UniRef:UniRef100_A0A0H3NAC2, UniRef:UniRef50_A0A0K3NWT9, UniRef:UniRef90_A0A0H3NAC2
contig_1	cds	9896	10123	-	FFNIKC_00055		hypothetical protein	
contig_1	cds	10340	11089	-	FFNIKC_00060	yjdB	Uncharacterized conserved protein YjdB, contains Ig-like domain	COG:COG5492, COG:R, RefSeq:WP_000132756.1, SO:0001217, UniParc:UPI00000E585E, UniRef:UniRef100_A0A651ZEV6, UniRef:UniRef50_H5UYW2, UniRef:UniRef90_E8XDJ2
contig_1	cds	11101	11502	-	FFNIKC_00065		Phage tail protein	RefSeq:WP_000196702.1, SO:0001217, UniParc:UPI00000E5864, UniRef:UniRef100_A0A5Z7MXQ9, UniRef:UniRef50_A0A1Q5U3R7, UniRef:UniRef90_A0A750QS86
contig_1	cds	11499	12065	-	FFNIKC_00070		Phage tail protein	RefSeq:WP_000453194.1, SO:0001217, UniParc:UPI00000E5867, UniRef:UniRef100_A0A5Z8QST4, UniRef:UniRef50_A0A5Z8QST4, UniRef:UniRef90_A0A5U1IL28
contig_1	cds	12046	12312	-	FFNIKC_00075		ATP-binding protein	SO:0001217, UniParc:UPI0001812C9C, UniRef:UniRef100_A0A5X2AG38, UniRef:UniRef50_A0A5X2AG38, UniRef:UniRef90_A0A5X2AG38
contig_1	cds	12338	12661	-	FFNIKC_00080		putative phage recombinase, RecA/RadA family	COG:COG5471, COG:X, RefSeq:WP_001107908.1, SO:0001217, UniParc:UPI00000E5879, UniRef:UniRef100_A0A5X5HY97, UniRef:UniRef50_A0A076LK71, UniRef:UniRef90_M7RD86
contig_1	cds	12752	14509	-	FFNIKC_00085	clpP	ATP-dependent protease ClpP, protease subunit	COG:COG0740, COG:O, SO:0001217, UniRef:UniRef50_A0A6C6ZJ76, UniRef:UniRef90_A0A6C6ZJ76
contig_1	cds	14757	15857	-	FFNIKC_00090		phage portal protein	SO:0001217, UniRef:UniRef50_A0A378BW42, UniRef:UniRef90_UPI0011BA7B38
contig_1	cds	16301	16507	-	FFNIKC_00095		Primosomal replication protein PriB/PriC domain protein	RefSeq:WP_000196190.1, SO:0001217, UniParc:UPI00004F7AB0, UniRef:UniRef100_A0A5X5HZX0, UniRef:UniRef50_A0A315FBP9, UniRef:UniRef90_A0A315FBP9
contig_1	cds	16504	18639	-	FFNIKC_00100	gpA1	Phage terminase, large subunit GpA	COG:COG5525, COG:X, SO:0001217, UniParc:UPI0001B97004, UniRef:UniRef100_E8XDI5, UniRef:UniRef50_A0A873WIN6, UniRef:UniRef90_E8XDI5
contig_1	cds	18599	19183	-	FFNIKC_00105		DUF1441 domain-containing protein	RefSeq:WP_194242357.1, SO:0001217, UniParc:UPI0003E53157, UniRef:UniRef100_UPI0003E53157, UniRef:UniRef50_M7RD82, UniRef:UniRef90_M7RD82
contig_1	cds	19340	19819	-	FFNIKC_00110		Lysis protein	RefSeq:WP_001541990.1, SO:0001217, UniParc:UPI00000E5889, UniRef:UniRef100_A0A484WW41, UniRef:UniRef50_Q9XJJ6, UniRef:UniRef90_A0A7Z1QI57
contig_1	cds	19837	20289	-	FFNIKC_00115	rrrD	Phage-related lysozyme (muramidase), GH24 family	COG:COG3772, COG:M, RefSeq:WP_000984586.1, SO:0001217, UniParc:UPI00000E5865, UniRef:UniRef100_A0A8E6Y726, UniRef:UniRef50_A0A1I0J1Q9, UniRef:UniRef90_E8XHJ4
contig_1	cds	20273	20608	-	FFNIKC_00120		phage holin, lambda family	SO:0001217, UniParc:UPI00016639FF, UniRef:UniRef100_A0A455S9U6, UniRef:UniRef50_A0A6G5XY59, UniRef:UniRef90_A0A0P8I631
contig_1	cds	20878	21564	+	FFNIKC_00125	gtgA	type III secretion system effector protease GtgA	BlastRules:WP_076181665, KEGG:K23941, RefSeq:WP_001141973.1, SO:0001217, UniParc:UPI000009B54F, UniRef:UniRef100_A0A3V7IGK8, UniRef:UniRef50_Q8Z6Z0, UniRef:UniRef90_A0A5V8M872
contig_1	cds	21843	21998	-	FFNIKC_00130		hypothetical protein	
contig_1	cds	22117	22377	-	FFNIKC_00135		hypothetical protein	
contig_1	cds	22510	22635	-	FFNIKC_00140		Bacteriophage protein	RefSeq:WP_001534733.1, SO:0001217, UniParc:UPI000005A042, UniRef:UniRef100_A0A5W7GJD1, UniRef:UniRef50_A0A5W7GJD1, UniRef:UniRef90_A0A5W7GJD1
contig_1	cds	22809	23027	-	FFNIKC_00145		DUF1428 domain-containing protein	SO:0001217, UniParc:UPI00016A1F49, UniRef:UniRef100_A0A5W1XM02, UniRef:UniRef50_A0A5U8XWS8, UniRef:UniRef90_A0A5Y1BLZ8
contig_1	cds	22975	23157	-	FFNIKC_00150		hypothetical protein	
contig_1	cds	23193	23990	-	FFNIKC_00155		Antitermination protein Q	RefSeq:WP_022742653.1, SO:0001217, UniParc:UPI0003B09C7D, UniRef:UniRef100_A0A5V3XDP5, UniRef:UniRef50_H6WRZ1, UniRef:UniRef90_H6WRZ1
contig_1	cds	23980	24126	-	FFNIKC_00160	ninG	Recombination protein NinG	RefSeq:WP_001617856.1, SO:0001217, UniParc:UPI0000231CEE, UniRef:UniRef100_A0A5Y3W0K2, UniRef:UniRef50_A0A6C6Z2Q3, UniRef:UniRef90_A0A6C6Z2Q3
contig_1	cds	24354	24725	+	FFNIKC_00165		hypothetical protein	
contig_1	cds	25165	25545	-	FFNIKC_00170		DUF1367 domain-containing protein	SO:0001217, UniRef:UniRef50_A0A379D1C1, UniRef:UniRef90_A0A710M813
contig_1	cds	25961	26194	-	FFNIKC_00175	dinI	Gifsy-1 prophage DinI	KEGG:K12149, RefSeq:WP_001217665.1, SO:0001217, UniParc:UPI00000DA0B9, UniRef:UniRef100_A0A726UNF1, UniRef:UniRef50_R8X206, UniRef:UniRef90_A0A379VSV3
contig_1	cds	26486	26755	-	FFNIKC_00180		DUF4329 domain-containing protein	SO:0001217, UniParc:UPI00016A1F48, UniRef:UniRef100_A0A6Y2KQ75, UniRef:UniRef50_A0A3F3IAY4, UniRef:UniRef90_A0A6Y2KQ75
contig_1	cds	26854	27165	-	FFNIKC_00185		Ead/Ea22-like family protein	RefSeq:WP_000065108.1, SO:0001217, UniParc:UPI00000DA0C0, UniRef:UniRef100_A0A726UKA2, UniRef:UniRef50_A0A5U8M7H1, UniRef:UniRef90_A0A5U8M7H1
contig_1	cds	27162	27509	-	FFNIKC_00190		DNA-binding protein	RefSeq:WP_000113629.1, SO:0001217, UniParc:UPI00000DA0BE, UniRef:UniRef100_A0A726UJQ5, UniRef:UniRef50_A0A627BJ23, UniRef:UniRef90_A0A6D2GAL5
contig_1	cds	27520	28269	-	FFNIKC_00195	dnaC	DNA replication protein DnaC	COG:COG1484, COG:L, RefSeq:WP_000800010.1, SO:0001217, UniParc:UPI000005A04F, UniRef:UniRef100_A0A725G8R3, UniRef:UniRef50_P77546, UniRef:UniRef90_A0A379Q7R1
contig_1	cds	28272	29249	-	FFNIKC_00200		Phage-rep-O domain-containing protein	SO:0001217, UniParc:UPI00000B227F, UniRef:UniRef100_A0A6Y2KLM0, UniRef:UniRef50_A0A1V0LF13, UniRef:UniRef90_A0A2T8T6H8
contig_1	cds	29340	29660	-	FFNIKC_00205		Regulatory protein CII	RefSeq:WP_000426364.1, SO:0001217, UniParc:UPI00016639FE, UniRef:UniRef100_A0A0H3NQ14, UniRef:UniRef50_A0A5X1HQW7, UniRef:UniRef90_A0A0H3NQ14
contig_1	cds	29680	29919	-	FFNIKC_00210		Helix-turn-helix domain-containing protein	RefSeq:WP_000370145.1, SO:0001217, UniParc:UPI00016639FA, UniRef:UniRef100_A0A726ZLD4, UniRef:UniRef50_A0A1V2BJU5, UniRef:UniRef90_A0A7H0W5G3
contig_1	cds	30108	30449	+	FFNIKC_00215		Helix-turn-helix domain-containing protein	SO:0001217, UniParc:UPI0001DDC3B7, UniRef:UniRef100_A0A6Y2KP37, UniRef:UniRef50_A0A7M3GGU3, UniRef:UniRef90_A0A6Y2KP37
contig_1	cds	30643	30759	+	FFNIKC_00220		Cytoplasmic protein	RefSeq:WP_000564703.1, SO:0001217, UniParc:UPI00004F7A9C, UniRef:UniRef100_A0A655BXV5, UniRef:UniRef50_A0A3Y3L651, UniRef:UniRef90_A0A3Z7N5R1
contig_1	cds	30752	30910	+	FFNIKC_00225		MYM-type domain-containing protein	RefSeq:WP_000917563.1, SO:0001217, UniParc:UPI0001AF5EB2, UniRef:UniRef100_H6WRX3, UniRef:UniRef50_A0A5Z4LB37, UniRef:UniRef90_A0A5Z4LB37
contig_1	cds	30995	31282	+	FFNIKC_00230		DNA breaking-rejoining protein	SO:0001217, UniParc:UPI00024F1AEB, UniRef:UniRef100_A0A3V0F8B5, UniRef:UniRef50_A0A2X2YLF2, UniRef:UniRef90_V1I1A0
