# Annotated with Bakta
# Software: v1.9.1
# Database: v5.0, full
# DOI: 10.1099/mgen.0.000685
# URL: github.com/oschwengers/bakta
#Sequence Id	Type	Start	Stop	Strand	Locus Tag	Gene	Product	DbXrefs
contig_1	cds	1	291	-	AHKDAH_00005	pfkA	6-phosphofructokinase	COG:COG0205, COG:G, EC:2.7.1.11, GO:0003872, GO:0005524, GO:0005737, GO:0006002, GO:0046872, KEGG:K00850, SO:0001217, UniParc:UPI00041D0F97, UniRef:UniRef100_A0A6C8GFD6, UniRef:UniRef50_A7ZUC9, UniRef:UniRef90_A7ZUC9
contig_1	cds	292	975	+	AHKDAH_00010		NAD-specific glutamate dehydrogenase	SO:0001217, UniRef:UniRef50_A0A663B6E1
contig_1	cds	1148	2050	-	AHKDAH_00015	fieF	CDF family cation-efflux transporter FieF	BlastRules:WP_001076748, BlastRules:WP_003093118, COG:COG0053, COG:P, GO:0005381, GO:0005385, GO:0005886, GO:0015086, GO:0015297, GO:0046872, GO:0055072, NCBIProtein:BAE77395.1, RefSeq:WP_001077320.1, SO:0001217, UniParc:UPI00000CD52D, UniRef:UniRef100_B5FPR1, UniRef:UniRef50_Q6CZ45, UniRef:UniRef90_A8AL14
contig_1	cds	2287	2505	-	AHKDAH_00020	ogrK	prophage transcriptional regulator OgrK	BlastRules:WP_000468310, KEGG:K06905, RefSeq:WP_000468308.1, SO:0001217, UniParc:UPI000005D7D1, UniRef:UniRef100_P08762, UniRef:UniRef50_P08762, UniRef:UniRef90_P08762
contig_1	cds	2587	3750	-	AHKDAH_00025		putative baseplate hub protein	GO:0098025, RefSeq:WP_001749286.1, SO:0001217, UniParc:UPI0002B55DFE, UniRef:UniRef100_A0A8S7AV01, UniRef:UniRef50_P10312, UniRef:UniRef90_P10312
contig_1	cds	3750	4229	-	AHKDAH_00030		GpU phage protein	RefSeq:WP_000978897.1, SO:0001217, UniParc:UPI000009B2B4, UniRef:UniRef100_A0A2V3EKG9, UniRef:UniRef50_A0A376FTB7, UniRef:UniRef90_A0A376FTB7
contig_1	cds	4244	6691	-	AHKDAH_00035		putative tape measure protein	GO:0098003, RefSeq:WP_001749285.1, SO:0001217, UniParc:UPI0002B55E38, UniRef:UniRef100_A0A6Y3GCB4, UniRef:UniRef50_O64314, UniRef:UniRef90_O64314
contig_1	cds	6836	7111	-	AHKDAH_00040		Phage tail assembly protein	RefSeq:WP_001031303.1, SO:0001217, UniParc:UPI000018F4CF, UniRef:UniRef100_J7QZF1, UniRef:UniRef50_W0BKE1, UniRef:UniRef90_A0A5E8P0I9
contig_1	cds	7167	7685	-	AHKDAH_00045		Tail tube protein	RefSeq:WP_001251408.1, SO:0001217, UniParc:UPI0000166161, UniRef:UniRef100_P22502, UniRef:UniRef90_P22502
contig_1	cds	7698	8888	-	AHKDAH_00050		Tail sheath protein	GO:0030430, GO:0098027, GO:0099000, RefSeq:WP_001286716.1, SO:0001217, UniParc:UPI000188764D, UniRef:UniRef100_A0A0J1YRU7, UniRef:UniRef50_P22501, UniRef:UniRef90_P22501
contig_1	cds	8948	9541	-	AHKDAH_00055	spoIVCA	Site-specific DNA recombinase SpoIVCA/DNA invertase PinE	COG:COG1961, COG:L, RefSeq:WP_001749283.1, SO:0001217, UniParc:UPI0002B60AE9, UniRef:UniRef100_A0A2U9HHJ3, UniRef:UniRef50_A0A1H9RIF6, UniRef:UniRef90_A0A376SIX1
contig_1	cds	10340	10852	+	AHKDAH_00060		hypothetical protein	
contig_1	cds	10852	11439	+	AHKDAH_00065		Phage tail-fiber asembly protein	RefSeq:WP_001747939.1, SO:0001217, UniParc:UPI0002A6A07B, UniRef:UniRef100_A0A6D1JXC0, UniRef:UniRef50_S4TUB9, UniRef:UniRef90_A0A379YJR3
contig_1	cds	11443	11850	-	AHKDAH_00070		Fels-2 prophage Tfa	RefSeq:WP_001747940.1, SO:0001217, UniParc:UPI0002A6F4B2, UniRef:UniRef100_A0A5Z7GQL5, UniRef:UniRef50_A0A379YIN3, UniRef:UniRef90_A0A379YIN3
contig_1	cds	11852	13660	-	AHKDAH_00075		Phage tail protein	SO:0001217, UniParc:UPI00039AF8D9, UniRef:UniRef100_A0A5V1YPS2, UniRef:UniRef50_A0A708DGG9, UniRef:UniRef90_A0A5V1YPS2
contig_1	cds	13657	14268	-	AHKDAH_00080		phage tail protein I	RefSeq:WP_001285340.1, SO:0001217, UniParc:UPI0001CF6B19, UniRef:UniRef100_A0A086D8T3, UniRef:UniRef50_A0A077KER5, UniRef:UniRef90_A0A2X5P0K1
contig_1	cds	14261	15169	-	AHKDAH_00085		Baseplate protein J	GO:0098025, RefSeq:WP_001121473.1, SO:0001217, UniParc:UPI0002185716, UniRef:UniRef100_A0A3Z9RBU1, UniRef:UniRef50_P51767, UniRef:UniRef90_P51767
contig_1	cds	15174	15521	-	AHKDAH_00090		Baseplate protein W	GO:0098003, GO:0098025, RefSeq:WP_000127163.1, SO:0001217, UniParc:UPI0000138D4B, UniRef:UniRef100_P51768, UniRef:UniRef50_P51768, UniRef:UniRef90_P51768
contig_1	cds	15518	16153	-	AHKDAH_00095		Spike protein	GO:0044694, GO:0046872, GO:0098003, GO:0098025, GO:0098670, RefSeq:WP_001093697.1, SO:0001217, UniParc:UPI00028E19C1, UniRef:UniRef100_A0A6Y3GBJ4, UniRef:UniRef50_P31340, UniRef:UniRef90_P31340
contig_1	cds	16220	16672	-	AHKDAH_00100		phage virion morphogenesis protein	RefSeq:WP_001001786.1, SO:0001217, UniParc:UPI000018F4C6, UniRef:UniRef100_J7QP67, UniRef:UniRef50_P36934, UniRef:UniRef90_A0A7D3QLV6
contig_1	cds	16665	17132	-	AHKDAH_00105		Tail completion protein R	RefSeq:WP_001749231.1, SO:0001217, UniParc:UPI0002B60C79, UniRef:UniRef100_A0A6Y1VP10, UniRef:UniRef50_P36933, UniRef:UniRef90_P36933
contig_1	cds	17095	17253	-	AHKDAH_00110	lysC	Rz1-like lysis system protein LysC	GO:0016020, GO:0019835, GO:0020002, SO:0001217, UniParc:UPI00005F2AC4, UniRef:UniRef100_Q8LTD0, UniRef:UniRef50_Q8LTD0, UniRef:UniRef90_Q8LTD0
contig_1	cds	17240	17665	-	AHKDAH_00115	lysB	Rz-like lysis system protein LysB	GO:0016020, GO:0019835, GO:0020002, RefSeq:WP_001697717.1, SO:0001217, UniParc:UPI0002B50B71, UniRef:UniRef100_A0A6Y1VNR1, UniRef:UniRef50_P51770, UniRef:UniRef90_P51770
contig_1	cds	17653	18078	-	AHKDAH_00120	lysA	Putative antiholin	GO:0016020, GO:0019835, GO:0020002, GO:1901218, RefSeq:WP_001749230.1, SO:0001217, UniParc:UPI0002B60963, UniRef:UniRef100_A0A6Y1VQK3, UniRef:UniRef50_P51769, UniRef:UniRef90_P51769
contig_1	cds	18093	18590	-	AHKDAH_00125		Endolysin	EC:4.2.2.n2, GO:0003796, GO:0009253, GO:0016829, GO:0016998, GO:0019835, GO:0030430, GO:0042742, GO:0044659, RefSeq:WP_001144101.1, SO:0001217, UniParc:UPI000012EA44, UniRef:UniRef100_P51771, UniRef:UniRef50_P51771, UniRef:UniRef90_P51771
contig_1	cds	18590	18871	-	AHKDAH_00130		Holin	GO:0016020, GO:0019835, GO:0020002, GO:0034290, GO:0034291, RefSeq:WP_000123123.1, SO:0001217, UniParc:UPI000018F4C2, UniRef:UniRef100_J7R2R9, UniRef:UniRef50_P51773, UniRef:UniRef90_P51773
contig_1	cds	18875	19078	-	AHKDAH_00135		Baseplate protein X	GO:0098025, RefSeq:WP_000846409.1, SO:0001217, UniParc:UPI000005D7D3, UniRef:UniRef100_P51772, UniRef:UniRef50_P51772, UniRef:UniRef90_P51772
contig_1	cds	19078	19587	-	AHKDAH_00140		Head completion/stabilization protein	GO:0019069, RefSeq:WP_000988638.1, SO:0001217, UniParc:UPI00028E3AD5, UniRef:UniRef100_A0A6Y3GBY6, UniRef:UniRef50_P25475, UniRef:UniRef90_P25475
contig_1	cds	19687	20430	-	AHKDAH_00145		Terminase, endonuclease subunit	GO:0003677, GO:0004519, GO:0019069, RefSeq:WP_000203444.1, SO:0001217, UniParc:UPI0002BABBCE, UniRef:UniRef100_A0A8S7B8B3, UniRef:UniRef50_P25476, UniRef:UniRef90_P25476
contig_1	cds	20434	21507	-	AHKDAH_00150		phage major capsid protein, P2 family	GO:0019028, RefSeq:WP_001248595.1, SO:0001217, UniParc:UPI0001FB6F87, UniRef:UniRef100_A0A0K3S2R3, UniRef:UniRef50_P25477, UniRef:UniRef90_P25477
contig_1	cds	21566	22420	-	AHKDAH_00155		Capsid assembly scaffolding protein	GO:0006508, GO:0008236, GO:0046797, RefSeq:WP_001074420.1, SO:0001217, UniParc:UPI0002511169, UniRef:UniRef100_A0A376TD26, UniRef:UniRef50_P25478, UniRef:UniRef90_P25478
contig_1	cds	22594	24366	+	AHKDAH_00160		Terminase, ATPase subunit	GO:0005524, GO:0019069, RefSeq:WP_000156861.1, SO:0001217, UniParc:UPI0000138CF3, UniRef:UniRef100_P25479, UniRef:UniRef50_P25479, UniRef:UniRef90_P25479
contig_1	cds	24366	25400	+	AHKDAH_00165		phage portal protein	GO:0019028, GO:0099000, RefSeq:WP_000038188.1, SO:0001217, UniParc:UPI000250DADD, UniRef:UniRef100_A0A0K5RGJ3, UniRef:UniRef50_P25480, UniRef:UniRef90_P25480
contig_1	cds	25439	25600	-	AHKDAH_00170		4-diphosphocytidyl-2-C-methyl-D-erythritol kinase	SO:0001217, UniRef:UniRef50_B1EPQ8, UniRef:UniRef90_B1EPQ8
contig_1	cds	25774	26916	+	AHKDAH_00175		DUF262 domain-containing protein	RefSeq:WP_000351260.1, SO:0001217, UniParc:UPI0001DD2680, UniRef:UniRef100_A0A2X5RB70, UniRef:UniRef50_A0A132EEX2, UniRef:UniRef90_A0A376FUK4
contig_1	cds	26918	27598	+	AHKDAH_00180		HEPN-MAE-28990 domain-containing protein	RefSeq:WP_000373633.1, SO:0001217, UniParc:UPI0001DD267F, UniRef:UniRef100_A0A2X7CPR5, UniRef:UniRef50_A0A376FS66, UniRef:UniRef90_A0A376FS66
contig_1	cds	27628	28650	-	AHKDAH_00185	dcm	Cytosine-specific methyltransferase	RefSeq:WP_001697730.1, SO:0001217, UniParc:UPI0002B5935B, UniRef:UniRef100_A0A2X5YXQ2, UniRef:UniRef50_P25265, UniRef:UniRef90_A0A376JUP0
contig_1	cds	28737	31034	-	AHKDAH_00190		Replication gene A protein	EC:3.1.-.-, GO:0004519, GO:0006260, GO:0039693, RefSeq:WP_001749228.1, SO:0001217, UniParc:UPI0002BA2BF8, UniRef:UniRef100_A0A6Y1VNL1, UniRef:UniRef50_Q06419, UniRef:UniRef90_Q06419
contig_1	cds	31024	31299	-	AHKDAH_00195		DUF5405 domain-containing protein	RefSeq:WP_000027664.1, SO:0001217, UniParc:UPI00001B5DBF, UniRef:UniRef100_A0A086VC78, UniRef:UniRef50_Q06425, UniRef:UniRef90_A0A086VC78
contig_1	cds	31523	31822	-	AHKDAH_00200	oRF81	Uncharacterized protein in GpA 5'region	RefSeq:WP_001277898.1, SO:0001217, UniParc:UPI0000E44F04, UniRef:UniRef100_A0A3R8S0V1, UniRef:UniRef50_Q06423, UniRef:UniRef90_Q06423
contig_1	cds	31822	32046	-	AHKDAH_00205	oRF80	Uncharacterized protein in GpA 5'region	RefSeq:WP_000557703.1, SO:0001217, UniParc:UPI00005F1D10, UniRef:UniRef100_J7QDG7, UniRef:UniRef50_Q06422, UniRef:UniRef90_Q06422
contig_1	cds	32110	32433	-	AHKDAH_00210		Replication gene B protein	GO:0006260, GO:0071897, SO:0001217, UniParc:UPI0002CA5D68, UniRef:UniRef100_A0A023KQ16, UniRef:UniRef50_P07696, UniRef:UniRef90_P07696
contig_1	cds	32542	32754	+	AHKDAH_00215		hypothetical protein	SO:0001217, UniRef:UniRef50_UPI001F50EDA1, UniRef:UniRef90_UPI001F50EDA1
contig_1	cds	32780	33052	-	AHKDAH_00220		Regulatory phage protein cox	RefSeq:WP_001308179.1, SO:0001217, UniParc:UPI0001CF6B08, UniRef:UniRef100_J7QY46, UniRef:UniRef50_A0A1V0LL64, UniRef:UniRef90_A0A8H9ASB1
