ID	Pos. Inicial	Pos. Final	Gen ID	Nada	Direccion	Gen #	color
NC_048065_Tlsvirus_sazh_49665	411	864	hypothetical_protein	0	+	1	#808080
NC_048065_Tlsvirus_sazh_49665	866	1100	hypothetical_protein	0	+	2	#808080
NC_048065_Tlsvirus_sazh_49665	1099	1213	hypothetical_protein	0	+	3	#808080
NC_048065_Tlsvirus_sazh_49665	1209	1317	hypothetical_protein	0	+	4	#808080
NC_048065_Tlsvirus_sazh_49665	1309	1423	hypothetical_protein	0	+	5	#808080
NC_048065_Tlsvirus_sazh_49665	1520	1679	hypothetical_protein	0	+	6	#808080
NC_048065_Tlsvirus_sazh_49665	1662	1944	hypothetical_protein	0	+	7	#808080
NC_048065_Tlsvirus_sazh_49665	1949	2207	hypothetical_protein	0	+	8	#808080
NC_048065_Tlsvirus_sazh_49665	2358	2913	hypothetical_protein	0	+	9	#808080
NC_048065_Tlsvirus_sazh_49665	2972	3149	hypothetical_protein	0	+	10	#808080
NC_048065_Tlsvirus_sazh_49665	3222	3417	hypothetical_protein	0	+	11	#808080
NC_048065_Tlsvirus_sazh_49665	3600	3708	hypothetical_protein	0	+	12	#808080
NC_048065_Tlsvirus_sazh_49665	3711	4275	polynucleotide_kinase	0	+	13	#808080
NC_048065_Tlsvirus_sazh_49665	4255	4444	hypothetical_protein	0	+	14	#808080
NC_048065_Tlsvirus_sazh_49665	4454	4640	hypothetical_protein	0	+	15	#808080
NC_048065_Tlsvirus_sazh_49665	4717	5014	hypothetical_protein	0	+	16	#808080
NC_048065_Tlsvirus_sazh_49665	5013	5196	hypothetical_protein	0	+	17	#808080
NC_048065_Tlsvirus_sazh_49665	5188	5764	deoxynucleoside_monophosphate_kinase	0	+	18	#5A5800
NC_048065_Tlsvirus_sazh_49665	5839	6037	hypothetical_protein	0	+	19	#808080
NC_048065_Tlsvirus_sazh_49665	6038	6203	hypothetical_protein	0	+	20	#808080
NC_048065_Tlsvirus_sazh_49665	6195	6378	hypothetical_protein	0	+	21	#808080
NC_048065_Tlsvirus_sazh_49665	6374	6620	hypothetical_protein	0	+	22	#808080
NC_048065_Tlsvirus_sazh_49665	6632	7130	hypothetical_protein	0	+	23	#808080
NC_048065_Tlsvirus_sazh_49665	7204	7414	hypothetical_protein	0	+	24	#808080
NC_048065_Tlsvirus_sazh_49665	7410	7716	hypothetical_protein	0	+	25	#808080
NC_048065_Tlsvirus_sazh_49665	7712	8039	hypothetical_protein	0	+	26	#808080
NC_048065_Tlsvirus_sazh_49665	8098	8227	hypothetical_protein	0	+	27	#808080
NC_048065_Tlsvirus_sazh_49665	8228	8456	hypothetical_protein	0	+	28	#808080
NC_048065_Tlsvirus_sazh_49665	8590	8800	hypothetical_protein	0	+	29	#808080
NC_048065_Tlsvirus_sazh_49665	8783	8966	hypothetical_protein	0	+	30	#808080
NC_048065_Tlsvirus_sazh_49665	8965	9196	hypothetical_protein	0	+	31	#808080
NC_048065_Tlsvirus_sazh_49665	9285	9810	terminase_small_subunit	0	+	32	#0039AC
NC_048065_Tlsvirus_sazh_49665	9821	11393	terminase_large_subunit	0	+	33	#0039AC
NC_048065_Tlsvirus_sazh_49665	11446	12742	DUF1073_domain-containing_protein	0	+	34	#808080
NC_048065_Tlsvirus_sazh_49665	12738	13410	head_morphogenesis	0	+	35	#FF0000
NC_048065_Tlsvirus_sazh_49665	13406	14516	head_maturation_protease	0	+	36	#FF0000
NC_048065_Tlsvirus_sazh_49665	14528	15017	hypothetical_protein	0	+	37	#808080
NC_048065_Tlsvirus_sazh_49665	15060	15501	hypothetical_protein	0	+	38	#808080
NC_048065_Tlsvirus_sazh_49665	15590	16568	major_head_protein	0	+	39	#FF0000
NC_048065_Tlsvirus_sazh_49665	16629	16902	hypothetical_protein	0	+	40	#808080
NC_048065_Tlsvirus_sazh_49665	16947	17352	virion_structural_protein	0	+	41	#FE6700
NC_048065_Tlsvirus_sazh_49665	17348	17720	hypothetical_protein	0	+	42	#808080
NC_048065_Tlsvirus_sazh_49665	17712	18153	tail_completion_or_Neck1_protein	0	+	43	#33CCFF
NC_048065_Tlsvirus_sazh_49665	18142	18535	tail_terminator	0	+	44	#33CCFF
NC_048065_Tlsvirus_sazh_49665	18549	19212	major_tail_protein	0	+	45	#33CCFF
NC_048065_Tlsvirus_sazh_49665	19289	19921	tail_length_tape_measure_protein	0	+	46	#33CCFF
NC_048065_Tlsvirus_sazh_49665	19289	19604	tail_length_tape_measure_protein	0	+	47	#33CCFF
NC_048065_Tlsvirus_sazh_49665	19958	22868	tail_length_tape_measure_protein	0	+	48	#33CCFF
NC_048065_Tlsvirus_sazh_49665	22867	23215	minor_tail_protein	0	+	49	#33CCFF
NC_048065_Tlsvirus_sazh_49665	23281	24040	minor_tail_protein	0	+	50	#33CCFF
NC_048065_Tlsvirus_sazh_49665	24036	24759	minor_tail_protein	0	+	51	#33CCFF
NC_048065_Tlsvirus_sazh_49665	24751	25351	tail_assembly_protein	0	+	52	#33CCFF
NC_048065_Tlsvirus_sazh_49665	25432	29209	tail_protein	0	+	53	#33CCFF
NC_048065_Tlsvirus_sazh_49665	29621	30725	exonuclease_VIII	0	+	54	#CEAC30
NC_048065_Tlsvirus_sazh_49665	30802	31093	tail_length_tape_measure_protein	0	+	55	#33CCFF
NC_048065_Tlsvirus_sazh_49665	31139	31802	Erf-like_ssDNA_annealing_protein	0	+	56	#CEAC30
NC_048065_Tlsvirus_sazh_49665	31840	32266	single_strand_DNA_binding_protein	0	+	57	#CEAC30
NC_048065_Tlsvirus_sazh_49665	32299	34438	tail_fiber_protein	0	-	58	#CEAC30
NC_048065_Tlsvirus_sazh_49665	34593	35520	DNA_primase	0	-	59	#808080
NC_048065_Tlsvirus_sazh_49665	35577	36186	transcriptional_regulator	0	-	60	#840645
NC_048065_Tlsvirus_sazh_49665	36274	38248	putative_ATP-dependent_helicase	0	+	61	#808080
NC_048065_Tlsvirus_sazh_49665	38250	38658	hypothetical_protein	0	+	62	#808080
NC_048065_Tlsvirus_sazh_49665	38730	39009	hypothetical_protein	0	+	63	#808080
NC_048065_Tlsvirus_sazh_49665	39010	39748	DNA_methyltransferase	0	+	64	#808080
NC_048065_Tlsvirus_sazh_49665	39750	40008	hypothetical_protein	0	+	65	#808080
NC_048065_Tlsvirus_sazh_49665	40080	40245	hypothetical_protein	0	+	66	#808080
NC_048065_Tlsvirus_sazh_49665	40225	40468	hypothetical_protein	0	+	67	#808080
NC_048065_Tlsvirus_sazh_49665	40552	41668	DNA_repair_exonuclease	0	+	68	#CEAC30
NC_048065_Tlsvirus_sazh_49665	41779	42004	holin	0	+	69	#F3E311
NC_048065_Tlsvirus_sazh_49665	42003	42495	endolysin	0	+	70	#A03214
NC_048065_Tlsvirus_sazh_49665	42491	42881	Rz-like_spanin	0	+	71	#A03214
NC_048065_Tlsvirus_sazh_49665	42894	43116	hypothetical_protein	0	-	72	#808080
NC_048065_Tlsvirus_sazh_49665	43192	43390	hypothetical_protein	0	-	73	#808080
NC_048065_Tlsvirus_sazh_49665	43313	43706	hypothetical_protein	0	-	74	#808080
NC_048065_Tlsvirus_sazh_49665	43708	45289	DNA_helicase	0	-	75	#808080
NC_048065_Tlsvirus_sazh_49665	45356	45605	hypothetical_protein	0	-	76	#808080
NC_048065_Tlsvirus_sazh_49665	45601	45964	hypothetical_protein	0	-	77	#808080
NC_048065_Tlsvirus_sazh_49665	46036	46732	DNA_methyltransferase	0	-	78	#808080
NC_048065_Tlsvirus_sazh_49665	46930	47155	hypothetical_protein	0	-	79	#808080
NC_048065_Tlsvirus_sazh_49665	47156	47378	hypothetical_protein	0	-	80	#808080
NC_048065_Tlsvirus_sazh_49665	47436	47604	hypothetical_protein	0	-	81	#808080
NC_048065_Tlsvirus_sazh_49665	47600	47834	hypothetical_protein	0	-	82	#808080
NC_048065_Tlsvirus_sazh_49665	47833	48115	hypothetical_protein	0	-	83	#808080
NC_048065_Tlsvirus_sazh_49665	48292	48487	hypothetical_protein	0	-	84	#808080
NC_048065_Tlsvirus_sazh_49665	48483	48720	hypothetical_protein	0	-	85	#808080
NC_048065_Tlsvirus_sazh_49665	48716	48935	hypothetical_protein	0	-	86	#808080
NC_048065_Tlsvirus_sazh_49665	49009	49294	hypothetical_protein	0	-	87	#808080
U707s_Tlsvirus_sazh_43966	0	327	Phage_protein	0	+	1	
U707s_Tlsvirus_sazh_43966	386	515	Sel1_repeat_family_protein	0	+	2	
U707s_Tlsvirus_sazh_43966	516	744	Phage_protein	0	+	3	
U707s_Tlsvirus_sazh_43966	926	1136	Glyco-hydro-65C_domain-containing_protein	0	+	4	
U707s_Tlsvirus_sazh_43966	1125	1287	Transposase	0	+	5	
U707s_Tlsvirus_sazh_43966	1270	1453	DUF1187_domain-containing_protein	0	+	6	
U707s_Tlsvirus_sazh_43966	1452	1683	Phage_protein	0	+	7	
U707s_Tlsvirus_sazh_43966	1770	2295	Terminase_small_subunit	0	+	8	
U707s_Tlsvirus_sazh_43966	2306	3878	Terminase_large_subunit	0	+	9	
U707s_Tlsvirus_sazh_43966	3931	5227	Portal_protein	0	+	10	
U707s_Tlsvirus_sazh_43966	5223	5895	Phage-Mu-F_domain-containing_protein	0	+	11	
U707s_Tlsvirus_sazh_43966	5891	7010	Major_capsid_protein	0	+	12	
U707s_Tlsvirus_sazh_43966	7022	7502	HtjA	0	+	13	
U707s_Tlsvirus_sazh_43966	7545	7986	Phage_protein	0	+	14	
U707s_Tlsvirus_sazh_43966	8075	9050	Major_capsid_protein	0	+	15	
U707s_Tlsvirus_sazh_43966	9111	9384	Flagellar_protein_FlbD	0	+	16	
U707s_Tlsvirus_sazh_43966	9433	9838	Phage_related_protein	0	+	17	
U707s_Tlsvirus_sazh_43966	9834	10206	Ribonucleoside-triphosphate_reductase	0	+	18	
U707s_Tlsvirus_sazh_43966	10198	10639	HK97_gp10_family_phage_protein	0	+	19	
U707s_Tlsvirus_sazh_43966	10628	11021	Phage_protein	0	+	20	
U707s_Tlsvirus_sazh_43966	11035	11698	Major_tail_protein	0	+	21	
U707s_Tlsvirus_sazh_43966	11774	12089	Tape_measure_chaperone	0	+	22	
U707s_Tlsvirus_sazh_43966	12136	12406	Tape_measure_chaperone	0	+	23	
U707s_Tlsvirus_sazh_43966	12442	15352	Tape_measure_protein	0	+	24	
U707s_Tlsvirus_sazh_43966	15351	15699	Tail_tip_assembly_protein	0	+	25	
U707s_Tlsvirus_sazh_43966	15766	16525	Tail_tip,_assembly_protein_L	0	+	26	
U707s_Tlsvirus_sazh_43966	16521	17244	Minor_tail_protein	0	+	27	
U707s_Tlsvirus_sazh_43966	17236	17836	Tail_tip,_assembly_protein_I	0	+	28	
U707s_Tlsvirus_sazh_43966	17916	21747	Tail_tip,_host_specificity_protein_J	0	+	29	
U707s_Tlsvirus_sazh_43966	21777	22026	hypothetical_protein	0	-	30	
U707s_Tlsvirus_sazh_43966	22495	23599	DUF3799_domain-containing_protein	0	+	31	
U707s_Tlsvirus_sazh_43966	23674	23965	Tail_length_tape-measure_protein	0	+	32	
U707s_Tlsvirus_sazh_43966	24010	24670	Recombinase	0	+	33	
U707s_Tlsvirus_sazh_43966	24707	25133	Single-stranded_DNA-binding_protein	0	+	34	
U707s_Tlsvirus_sazh_43966	25164	27267	tail_fiber_domain-containing_protein	0	-	35	
U707s_Tlsvirus_sazh_43966	27427	28357	DNA_primase/helicase	0	-	36	
U707s_Tlsvirus_sazh_43966	28414	29092	Transcriptional_regulator	0	-	37	
U707s_Tlsvirus_sazh_43966	29111	31085	Helicase_ATP-binding_domain-containing_protein	0	+	38	
U707s_Tlsvirus_sazh_43966	31087	31507	VRR-NUC_domain-containing_protein	0	+	39	
U707s_Tlsvirus_sazh_43966	31578	31905	DUF3718_domain-containing_protein	0	+	40	
U707s_Tlsvirus_sazh_43966	31918	32659	phage_N-6-adenine-methyltransferase	0	+	41	
U707s_Tlsvirus_sazh_43966	32660	32891	Phage_protein	0	+	42	
U707s_Tlsvirus_sazh_43966	32962	33124	HEPN_domain-containing_protein	0	+	43	
U707s_Tlsvirus_sazh_43966	33104	33347	DUF5678_domain-containing_protein	0	+	44	
U707s_Tlsvirus_sazh_43966	33423	33726	hypothetical_protein	0	+	45	
U707s_Tlsvirus_sazh_43966	33902	35018	Phosphoesterase	0	+	46	
U707s_Tlsvirus_sazh_43966	35130	35355	Holin	0	+	47	
U707s_Tlsvirus_sazh_43966	35354	35849	Lysozyme	0	+	48	
U707s_Tlsvirus_sazh_43966	35845	36235	Putative_spanin	0	+	49	
U707s_Tlsvirus_sazh_43966	36366	36762	Transcriptional_regulator	0	-	50	
U707s_Tlsvirus_sazh_43966	36766	38347	Helicase	0	-	51	
U707s_Tlsvirus_sazh_43966	38416	38665	Phage_repressor_protein	0	-	52	
U707s_Tlsvirus_sazh_43966	38661	39159	HNH_homing_endonuclease	0	-	53	
U707s_Tlsvirus_sazh_43966	39155	39518	Phage_protein	0	-	54	
U707s_Tlsvirus_sazh_43966	39589	40285	DNA_methylase	0	-	55	
U707s_Tlsvirus_sazh_43966	40481	40706	Phage_protein	0	-	56	
U707s_Tlsvirus_sazh_43966	40707	40929	Phage_protein	0	-	57	
U707s_Tlsvirus_sazh_43966	40987	41155	SlpA_domain-containing_protein	0	-	58	
U707s_Tlsvirus_sazh_43966	41151	41385	Phage_protein	0	-	59	
U707s_Tlsvirus_sazh_43966	41384	41654	Phage_protein	0	-	60	
U707s_Tlsvirus_sazh_43966	42381	42669	tRNA-int-endo_domain-containing_protein	0	+	61	
U707s_Tlsvirus_sazh_43966	42680	43124	Transcriptional_regulator	0	+	62	
U707s_Tlsvirus_sazh_43966	43492	43750	Phage_protein	0	+	63	
U707s_Tlsvirus_sazh_43966	43760	43966	Prophage_protein	0	+	64	