ID	Pos. Inicial	Pos. Final	Gen ID	Nada	Direccion	Gen #	color
NC_005841_Enterobacteria_phage_ST104_41391	16	1474	GtrC-like O-antigen conversion translocase	0	-	1	#DAE9F8
NC_005841_Enterobacteria_phage_ST104_41391	1463	2396	GtrB glycosyltransferase for O-antigen conversion	0	-	2	#DAE9F8
NC_005841_Enterobacteria_phage_ST104_41391	2392	2755	GtrA-like O-antigen conversion	0	-	3	#DAE9F8
NC_005841_Enterobacteria_phage_ST104_41391	3103	4267	integrase	0	-	4	#92D050
NC_005841_Enterobacteria_phage_ST104_41391	4143	4494	excisionase	0	-	5	#04C87D
NC_005841_Enterobacteria_phage_ST104_41391	4705	4990	ASCH domain-containing protein	0	-	6	#808080
NC_005841_Enterobacteria_phage_ST104_41391	4982	5267	DUF4752 family protein	0	-	7	#808080
NC_005841_Enterobacteria_phage_ST104_41391	5266	6058	ead/Ea22-like family protein	0	-	8	#CEAC30
NC_005841_Enterobacteria_phage_ST104_41391	6127	6637	ORF9	0	-	9	#808080
NC_005841_Enterobacteria_phage_ST104_41391	6633	6804	DUF2737 family protein	0	-	10	#808080
NC_005841_Enterobacteria_phage_ST104_41391	6814	7108	abc2 anti-RecBCD	0	-	11	#A50EE8
NC_005841_Enterobacteria_phage_ST104_41391	7154	7439	sigma-70 family RNA polymerase sigma factor	0	-	12	#A50EE8
NC_005841_Enterobacteria_phage_ST104_41391	7438	8146	Erf-like ssDNA annealing protein	0	-	13	#A50EE8
NC_005841_Enterobacteria_phage_ST104_41391	8275	8464	Kil protein for bacterial septation inhibition	0	-	14	#A03214
NC_005841_Enterobacteria_phage_ST104_41391	8444	8603	CIII anti-termination	0	-	15	#840645
NC_005841_Enterobacteria_phage_ST104_41391	8687	9002	superinfection exclusion	0	-	16	#DAE9F8
NC_005841_Enterobacteria_phage_ST104_41391	9277	9565	ORF18	0	-	17	#808080
NC_005841_Enterobacteria_phage_ST104_41391	9598	10243	pentapeptide repeat-containing protein	0	-	18	#808080
NC_005841_Enterobacteria_phage_ST104_41391	10326	10521	restriction alleviation ral	0	-	19	#DAE9F8
NC_005841_Enterobacteria_phage_ST104_41391	10734	11322	superinfection exclusion; inhibits SieB	0	+	20	#DAE9F8
NC_005841_Enterobacteria_phage_ST104_41391	11334	11637	24	0	-	21	#808080
NC_005841_Enterobacteria_phage_ST104_41391	12243	13323	ORF23	0	-	22	#808080
NC_005841_Enterobacteria_phage_ST104_41391	13487	14177	CI-like repressor	0	-	23	#840645
NC_005841_Enterobacteria_phage_ST104_41391	14287	14503	transcriptional repressor	0	+	24	#840645
NC_005841_Enterobacteria_phage_ST104_41391	14613	14895	CII-like transcriptional activator	0	+	25	#840645
NC_005841_Enterobacteria_phage_ST104_41391	14929	15091	ORF27	0	+	26	#808080
NC_005841_Enterobacteria_phage_ST104_41391	15077	>15898	replication initiation O-like	0	+	27	#840645
NC_005841_Enterobacteria_phage_ST104_41391	15895	17272	replicative DNA helicase	0	+	28	#FBD881
NC_005841_Enterobacteria_phage_ST104_41391	17268	17538	ORF30	0	+	29	#808080
NC_005841_Enterobacteria_phage_ST104_41391	17611	18049	NinB/ Orf homologous recombination mediator	0	+	30	#A50EE8
NC_005841_Enterobacteria_phage_ST104_41391	18045	18219	NinD	0	+	31	#A50EE8
NC_005841_Enterobacteria_phage_ST104_41391	18185	18362	NinE family protein	0	+	32	#A50EE8
NC_005841_Enterobacteria_phage_ST104_41391	18358	18706	DUF2591 family protein	0	+	33	#A50EE8
NC_005841_Enterobacteria_phage_ST104_41391	18698	18875	protein ninF	0	+	34	#A50EE8
NC_005841_Enterobacteria_phage_ST104_41391	18867	19479	NinG/ Rap DNA junction specific endonuclease	0	+	35	#A50EE8
NC_005841_Enterobacteria_phage_ST104_41391	19475	19700	NinY	0	+	36	#A50EE8
NC_005841_Enterobacteria_phage_ST104_41391	19696	19900	NinH family protein	0	+	37	#A50EE8
NC_005841_Enterobacteria_phage_ST104_41391	19880	20060	NinZ	0	+	38	#A50EE8
NC_005841_Enterobacteria_phage_ST104_41391	20056	20830	anti-termination protein Q-like	0	+	39	#840645
NC_005841_Enterobacteria_phage_ST104_41391	21260	21464	holin family protein	0	+	40	#937539
NC_005841_Enterobacteria_phage_ST104_41391	21468	21939	endolysin	0	+	41	#A03214
NC_005841_Enterobacteria_phage_ST104_41391	21935	22403	Rz-like spanin	0	+	42	#A03214
NC_005841_Enterobacteria_phage_ST104_41391	22155	22362	Rz-like spanin	0	+	43	#A03214
NC_005841_Enterobacteria_phage_ST104_41391	22615	23146	KilA-N domain-containing protein	0	+	44	#A03214
NC_005841_Enterobacteria_phage_ST104_41391	23368	23611	DUF2560 family protein	0	+	45	#808080
NC_005841_Enterobacteria_phage_ST104_41391	23614	24004	ORF47	0	+	46	#808080
NC_005841_Enterobacteria_phage_ST104_41391	24003	24408	head decoration protein	0	+	47	#FF0000
NC_005841_Enterobacteria_phage_ST104_41391	24411	24900	terminase small subunit	0	+	48	#0039AC
NC_005841_Enterobacteria_phage_ST104_41391	24877	26377	terminase large subunit	0	+	49	#0039AC
NC_005841_Enterobacteria_phage_ST104_41391	26376	28554	portal protein	0	+	50	#F3E311
NC_005841_Enterobacteria_phage_ST104_41391	28567	29479	head scaffolding protein	0	+	51	#FF0000
NC_005841_Enterobacteria_phage_ST104_41391	29478	30771	head protein	0	+	52	#FF0000
NC_005841_Enterobacteria_phage_ST104_41391	30811	31372	ORF54	0	+	53	#808080
NC_005841_Enterobacteria_phage_ST104_41391	31355	31856	head-tail adaptor Ad3	0	+	54	#FF0000
NC_005841_Enterobacteria_phage_ST104_41391	31815	33234	head closure Hc3	0	+	55	#FF0000
NC_005841_Enterobacteria_phage_ST104_41391	33237	33939	tail needle protein	0	+	56	#33CCFF
NC_005841_Enterobacteria_phage_ST104_41391	33938	34394	head morphogenesis	0	+	57	#FF0000
NC_005841_Enterobacteria_phage_ST104_41391	34396	35086	DNA ejection	0	+	58	#A50EE8
NC_005841_Enterobacteria_phage_ST104_41391	35096	36533	released from the phage upon host infection	0	+	59	#A50EE8
NC_005841_Enterobacteria_phage_ST104_41391	36532	38509	DNA transfer protein	0	+	60	#A50EE8
NC_005841_Enterobacteria_phage_ST104_41391	38641	38941	ORF62	0	+	61	#808080
NC_005841_Enterobacteria_phage_ST104_41391	38961	39210	partition protein ATPase	0	-	62	#A50EE8
NC_005841_Enterobacteria_phage_ST104_41391	39345	41349	tail spike protein	0	+	63	#FE6700
U113s_Enterobacteria_phage_ST104_38149	1	59	tRNA-Thr(cgt)	0	+	1	
U113s_Enterobacteria_phage_ST104_38149	73	1237	Integrase	0	-	2	
U113s_Enterobacteria_phage_ST104_38149	1466	1604	Conserved membrane protein	0	-	3	
U113s_Enterobacteria_phage_ST104_38149	1675	1960	ASCH domain-containing protein	0	-	4	
U113s_Enterobacteria_phage_ST104_38149	1952	2237	DUF4752 domain-containing protein	0	-	5	
U113s_Enterobacteria_phage_ST104_38149	2236	2881	ORF8	0	-	6	
U113s_Enterobacteria_phage_ST104_38149	2867	3101	Lar family restriction alleviation protein	0	-	7	
U113s_Enterobacteria_phage_ST104_38149	3097	3607	Eae protein	0	-	8	
U113s_Enterobacteria_phage_ST104_38149	3603	3774	DUF2737 domain-containing protein	0	-	9	
U113s_Enterobacteria_phage_ST104_38149	3784	4078	Abc2	0	-	10	
U113s_Enterobacteria_phage_ST104_38149	4408	5116	Recombinase	0	-	11	
U113s_Enterobacteria_phage_ST104_38149	5112	5256	DNA recombinase	0	-	12	
U113s_Enterobacteria_phage_ST104_38149	5245	5434	Kil	0	-	13	
U113s_Enterobacteria_phage_ST104_38149	5414	5573	Protease FtsH-inhibitory lysogeny factor CIII	0	-	14	
U113s_Enterobacteria_phage_ST104_38149	5657	5936	Superinfection exclusion protein	0	-	15	
U113s_Enterobacteria_phage_ST104_38149	6122	6248	Cytoplasmic protein	0	-	16	
U113s_Enterobacteria_phage_ST104_38149	6247	6535	Ead/Ea22-like family protein	0	-	17	
U113s_Enterobacteria_phage_ST104_38149	6568	7147	hypothetical protein	0	-	18	
U113s_Enterobacteria_phage_ST104_38149	7086	7281	Restriction inhibitor protein ral	0	-	19	
U113s_Enterobacteria_phage_ST104_38149	7264	7351	Highly acidic protein	0	-	20	
U113s_Enterobacteria_phage_ST104_38149	7494	8082	SieB	0	+	21	
U113s_Enterobacteria_phage_ST104_38149	8094	8397	putative regulatory protein N	0	-	22	
U113s_Enterobacteria_phage_ST104_38149	8760	8964	Transcriptional regulator	0	+	23	
U113s_Enterobacteria_phage_ST104_38149	9002	10046	P63C domain-containing protein	0	-	24	
U113s_Enterobacteria_phage_ST104_38149	10246	10936	C2	0	-	25	
U113s_Enterobacteria_phage_ST104_38149	11046	11262	Cro	0	+	26	
U113s_Enterobacteria_phage_ST104_38149	11372	11654	CII	0	+	27	
U113s_Enterobacteria_phage_ST104_38149	11688	11850	Prophage protein	0	+	28	
U113s_Enterobacteria_phage_ST104_38149	11836	12658	Phage-rep-O domain-containing protein	0	+	29	
U113s_Enterobacteria_phage_ST104_38149	12654	14031	Replicative DNA helicase	0	+	30	
U113s_Enterobacteria_phage_ST104_38149	14027	14297	Prophage protein	0	+	31	
U113s_Enterobacteria_phage_ST104_38149	14293	14374	NinA	0	+	32	
U113s_Enterobacteria_phage_ST104_38149	14370	14808	Protein ninB	0	+	33	
U113s_Enterobacteria_phage_ST104_38149	14804	14978	Protein ninD	0	+	34	
U113s_Enterobacteria_phage_ST104_38149	14944	15121	NinE family protein	0	+	35	
U113s_Enterobacteria_phage_ST104_38149	15123	15465	DUF2591 domain-containing protein	0	+	36	
U113s_Enterobacteria_phage_ST104_38149	15457	15634	Protein ninF	0	+	37	
U113s_Enterobacteria_phage_ST104_38149	15626	16238	Protein ninG	0	+	38	
U113s_Enterobacteria_phage_ST104_38149	16455	16659	Protein ninH	0	+	39	
U113s_Enterobacteria_phage_ST104_38149	16815	17589	Antitermination protein Q	0	+	40	
U113s_Enterobacteria_phage_ST104_38149	18001	18277	hypothetical protein	0	-	41	
U113s_Enterobacteria_phage_ST104_38149	18341	18698	Lysozyme	0	+	42	
U113s_Enterobacteria_phage_ST104_38149	18694	19162	Spanin, inner membrane subunit	0	+	43	
U113s_Enterobacteria_phage_ST104_38149	19196	19421	SET domain-containing protein	0	+	44	
U113s_Enterobacteria_phage_ST104_38149	19374	19905	KilA-N domain-containing protein	0	+	45	
U113s_Enterobacteria_phage_ST104_38149	20127	20370	DUF2560 domain-containing protein	0	+	46	
U113s_Enterobacteria_phage_ST104_38149	20373	20763	Antirestriction protein	0	+	47	
U113s_Enterobacteria_phage_ST104_38149	20762	21167	Decoration protein	0	+	48	
U113s_Enterobacteria_phage_ST104_38149	21170	21659	Terminase, small subunit	0	+	49	
U113s_Enterobacteria_phage_ST104_38149	21636	23136	Terminase, large subunit	0	+	50	
U113s_Enterobacteria_phage_ST104_38149	23135	25313	Portal protein	0	+	51	
U113s_Enterobacteria_phage_ST104_38149	25326	26238	Scaffolding protein	0	+	52	
U113s_Enterobacteria_phage_ST104_38149	26237	27530	Major capsid protein	0	+	53	
U113s_Enterobacteria_phage_ST104_38149	27570	28131	Prophage protein	0	+	54	
U113s_Enterobacteria_phage_ST104_38149	28114	28615	Peptidoglycan hydrolase gp4	0	+	55	
U113s_Enterobacteria_phage_ST104_38149	28574	29993	Packaged DNA stabilization protein gp10	0	+	56	
U113s_Enterobacteria_phage_ST104_38149	29996	30698	26	0	+	57	
U113s_Enterobacteria_phage_ST104_38149	30697	31153	Protein gp14	0	+	58	
U113s_Enterobacteria_phage_ST104_38149	31155	31845	DNA transfer protein gp7	0	+	59	
U113s_Enterobacteria_phage_ST104_38149	31855	33292	20	0	+	60	
U113s_Enterobacteria_phage_ST104_38149	33291	35268	16	0	+	61	
U113s_Enterobacteria_phage_ST104_38149	35372	35507	hypothetical protein	0	-	62	
U113s_Enterobacteria_phage_ST104_38149	35538	35700	DUF4189 domain-containing protein	0	+	63	
U113s_Enterobacteria_phage_ST104_38149	35720	35969	Regulatory protein	0	-	64	
U113s_Enterobacteria_phage_ST104_38149	36104	38108	Tail spike protein	0	+	65	