# Annotated with Bakta
# Software: v1.9.1
# Database: v5.0, full
# DOI: 10.1099/mgen.0.000685
# URL: github.com/oschwengers/bakta
#Sequence Id	Type	Start	Stop	Strand	Locus Tag	Gene	Product	DbXrefs
contig_1	cds	837	1448	-	FOKOPJ_00005		phage tail protein I	RefSeq:WP_023993680.1, SO:0001217, UniParc:UPI0003D3D223, UniRef:UniRef100_A0A621TDP7, UniRef:UniRef50_A0A077KER5, UniRef:UniRef90_A0A2X5P0K1
contig_1	cds	1441	2349	-	FOKOPJ_00010		Baseplate protein J	GO:0098025, RefSeq:WP_023993681.1, SO:0001217, UniParc:UPI0003D3E33B, UniRef:UniRef100_A0A621TDN4, UniRef:UniRef50_P51767, UniRef:UniRef90_P51767
contig_1	cds	2354	2701	-	FOKOPJ_00015		Baseplate protein W	GO:0098003, GO:0098025, RefSeq:WP_001389961.1, SO:0001217, UniParc:UPI0002CBBF4C, UniRef:UniRef100_A0A8T5ZU10, UniRef:UniRef50_P51768, UniRef:UniRef90_P51768
contig_1	cds	2698	3285	-	FOKOPJ_00020		Phage baseplate assembly protein V	SO:0001217, UniRef:UniRef50_A0A336P4K3, UniRef:UniRef90_A0A8T3LIA6
contig_1	cds	3400	3852	-	FOKOPJ_00025		phage virion morphogenesis protein	RefSeq:WP_023993682.1, SO:0001217, UniParc:UPI0003D3BB0B, UniRef:UniRef100_A0A5T6A398, UniRef:UniRef50_P36934, UniRef:UniRef90_P36934
contig_1	cds	3845	4312	-	FOKOPJ_00030		Tail completion protein R	RefSeq:WP_000917182.1, SO:0001217, UniParc:UPI000250F61B, UniRef:UniRef100_A0A0J2AUZ8, UniRef:UniRef50_P36933, UniRef:UniRef90_P36933
contig_1	cds	4275	4433	-	FOKOPJ_00035	lysC	Rz1-like lysis system protein LysC	GO:0016020, GO:0019835, GO:0020002, SO:0001217, UniParc:UPI00016A22FC, UniRef:UniRef100_A0A037YF96, UniRef:UniRef50_Q8LTD0, UniRef:UniRef90_Q8LTD0
contig_1	cds	4420	4845	-	FOKOPJ_00040	lysB	Rz-like lysis system protein LysB	GO:0016020, GO:0019835, GO:0020002, RefSeq:WP_023993683.1, SO:0001217, UniParc:UPI0003D3FB91, UniRef:UniRef100_A0A5Y7VHB3, UniRef:UniRef50_P51770, UniRef:UniRef90_P51770
contig_1	cds	4833	5258	-	FOKOPJ_00045	lysA	Putative antiholin	GO:0016020, GO:0019835, GO:0020002, GO:1901218, RefSeq:WP_023993684.1, SO:0001217, UniParc:UPI0003D3DF4B, UniRef:UniRef100_A0A5Y4RXS6, UniRef:UniRef50_P51769, UniRef:UniRef90_P51769
contig_1	cds	5273	5770	-	FOKOPJ_00050		Endolysin	EC:4.2.2.n2, GO:0003796, GO:0009253, GO:0016829, GO:0016998, GO:0019835, GO:0030430, GO:0042742, GO:0044659, RefSeq:WP_001144101.1, SO:0001217, UniParc:UPI000012EA44, UniRef:UniRef100_P51771, UniRef:UniRef50_P51771, UniRef:UniRef90_P51771
contig_1	cds	5770	6051	-	FOKOPJ_00055		Holin	GO:0016020, GO:0019835, GO:0020002, GO:0034290, GO:0034291, RefSeq:WP_000123123.1, SO:0001217, UniParc:UPI000018F4C2, UniRef:UniRef100_J7R2R9, UniRef:UniRef50_P51773, UniRef:UniRef90_P51773
contig_1	cds	6258	6767	-	FOKOPJ_00060		Head completion/stabilization protein	GO:0019069, RefSeq:WP_000988636.1, SO:0001217, UniParc:UPI0000138CDE, UniRef:UniRef100_P25475, UniRef:UniRef50_P25475, UniRef:UniRef90_P25475
contig_1	cds	6867	7610	-	FOKOPJ_00065		Terminase, endonuclease subunit	GO:0003677, GO:0004519, GO:0019069, RefSeq:WP_000203461.1, SO:0001217, UniParc:UPI0001FB5CD9, UniRef:UniRef100_A0A5Y5LNT5, UniRef:UniRef50_P25476, UniRef:UniRef90_P25476
contig_1	cds	7614	8687	-	FOKOPJ_00070		phage major capsid protein, P2 family	RefSeq:WP_016237184.1, SO:0001217, UniParc:UPI0003388F4A, UniRef:UniRef100_A0A0C5ERQ2, UniRef:UniRef50_A0A0C5ERQ2, UniRef:UniRef90_A0A0C5ERQ2
contig_1	cds	8746	9510	-	FOKOPJ_00075		GPO family capsid scaffolding protein	SO:0001217, UniRef:UniRef50_V3R6Z2, UniRef:UniRef90_UPI00202360FB
contig_1	cds	9774	11546	+	FOKOPJ_00080		Terminase, ATPase subunit	GO:0005524, GO:0019069, RefSeq:WP_023993686.1, SO:0001217, UniParc:UPI0003D3D7B5, UniRef:UniRef100_A0A5T8X6G5, UniRef:UniRef50_P25479, UniRef:UniRef90_P25479
contig_1	cds	11546	12580	+	FOKOPJ_00085		phage portal protein	GO:0019028, GO:0099000, RefSeq:WP_001620981.1, SO:0001217, UniParc:UPI0002A1D3A3, UniRef:UniRef100_A0A739S1F5, UniRef:UniRef50_P25480, UniRef:UniRef90_P25480
contig_1	cds	13150	13488	-	FOKOPJ_00090		hypothetical protein	
contig_1	cds	13612	13746	+	FOKOPJ_00095		hypothetical protein	
contig_1	cds	13743	13847	+	FOKOPJ_00100		hypothetical protein	
contig_1	cds	14031	14423	-	FOKOPJ_00105		hypothetical protein	SO:0001217, UniRef:UniRef50_UPI001CBC58DB, UniRef:UniRef90_UPI001CBC58DB
contig_1	cds	14697	15182	-	FOKOPJ_00110		ImmA/IrrE family metallo-endopeptidase	RefSeq:WP_000119270.1, SO:0001217, UniParc:UPI0002511164, UniRef:UniRef100_J7QY51, UniRef:UniRef50_J7QY51, UniRef:UniRef90_J7QY51
contig_1	cds	15661	15906	+	FOKOPJ_00115		hypothetical protein	
contig_1	cds	15903	16016	+	FOKOPJ_00120		Fimbrial protein	SO:0001217, UniParc:UPI00028789CC, UniRef:UniRef100_J7RBE0, UniRef:UniRef50_J7RBE0, UniRef:UniRef90_J7RBE0
contig_1	cds	16319	18595	-	FOKOPJ_00125		Replication gene A protein	EC:3.1.-.-, GO:0004519, GO:0006260, GO:0039693, RefSeq:WP_001598736.1, SO:0001217, UniParc:UPI0002A1D9F8, UniRef:UniRef100_A0A7A9BVK3, UniRef:UniRef50_Q06419, UniRef:UniRef90_Q06419
contig_1	cds	18585	18860	-	FOKOPJ_00130	oRF83	Uncharacterized protein in GpA 5'region	RefSeq:WP_000027673.1, SO:0001217, UniParc:UPI0001E8DB9D, UniRef:UniRef100_A0A1M1P3Q0, UniRef:UniRef50_Q06425, UniRef:UniRef90_Q06425
contig_1	cds	19084	19383	-	FOKOPJ_00135	oRF81	Uncharacterized protein in GpA 5'region	RefSeq:WP_001277898.1, SO:0001217, UniParc:UPI0000E44F04, UniRef:UniRef100_A0A3R8S0V1, UniRef:UniRef50_Q06423, UniRef:UniRef90_Q06423
contig_1	cds	19383	19607	-	FOKOPJ_00140	oRF80	Uncharacterized protein in GpA 5'region	RefSeq:WP_000557703.1, SO:0001217, UniParc:UPI00005F1D10, UniRef:UniRef100_J7QDG7, UniRef:UniRef50_Q06422, UniRef:UniRef90_Q06422
contig_1	cds	19671	20171	-	FOKOPJ_00145		Replication gene B protein	GO:0006260, GO:0071897, RefSeq:WP_000217670.1, SO:0001217, UniParc:UPI00016C6F3B, UniRef:UniRef100_A0A023KQ16, UniRef:UniRef50_P07696, UniRef:UniRef90_P07696
