# Annotated with Bakta
# Software: v1.9.1
# Database: v5.0, full
# DOI: 10.1099/mgen.0.000685
# URL: github.com/oschwengers/bakta
#Sequence Id	Type	Start	Stop	Strand	Locus Tag	Gene	Product	DbXrefs
contig_1	cds	84	1139	+	LJOLLM_00005		Acyl-transf-3 domain-containing protein	KEGG:K16568, SO:0001217, UniRef:UniRef50_C0PZJ0, UniRef:UniRef90_C0PZJ0
contig_1	cds	1203	2954	-	LJOLLM_00010		Endorhamnosidase	RefSeq:WP_080221069.1, SO:0001217, UniParc:UPI0009B0991E, UniRef:UniRef100_A0A3V0KGL5, UniRef:UniRef50_C0PZI9, UniRef:UniRef90_C0PZI9
contig_1	cds	3194	3523	+	LJOLLM_00015		Phage protein	RefSeq:WP_024134398.1, SO:0001217, UniParc:UPI0003EB2642, UniRef:UniRef100_A0A5Y4Q6F0, UniRef:UniRef50_A0A5T6GVD1, UniRef:UniRef90_A0A5H5BBY3
contig_1	cds	3541	5433	-	LJOLLM_00020		DNA transfer protein	RefSeq:WP_001029862.1, SO:0001217, UniParc:UPI0002413882, UniRef:UniRef100_A0A624A453, UniRef:UniRef50_Q01146, UniRef:UniRef90_A0A621MHU8
contig_1	cds	5433	6788	-	LJOLLM_00025		Ejection protein	RefSeq:WP_165398880.1, SO:0001217, UniParc:UPI000A9FBCDE, UniRef:UniRef100_A0A6M5LJX0, UniRef:UniRef50_A9MNL5, UniRef:UniRef90_B9UDL0
contig_1	cds	6798	7487	-	LJOLLM_00030		DNA transfer protein	RefSeq:WP_023198768.1, SO:0001217, UniParc:UPI0003BC609B, UniRef:UniRef100_A0A4Z9ZJ32, UniRef:UniRef50_Q8HAD9, UniRef:UniRef90_A0A4Z9ZJ32
contig_1	cds	7490	7951	-	LJOLLM_00035		DUF2824 domain-containing protein	RefSeq:WP_017441438.1, SO:0001217, UniParc:UPI0002E32EE1, UniRef:UniRef100_A0A5Y4KQG0, UniRef:UniRef50_Q01075, UniRef:UniRef90_A0A4P6WNS6
contig_1	cds	7951	8652	-	LJOLLM_00040		26	RefSeq:WP_023198767.1, SO:0001217, UniParc:UPI0003BC86A9, UniRef:UniRef100_A0A5W6T051, UniRef:UniRef50_P35837, UniRef:UniRef90_Q76H17
contig_1	cds	8656	10074	-	LJOLLM_00045		Packaged DNA stabilization protein gp10	RefSeq:WP_023198766.1, SO:0001217, UniParc:UPI0003BCDCF0, UniRef:UniRef100_A0A5X2Y620, UniRef:UniRef50_P26749, UniRef:UniRef90_P26749
contig_1	cds	10034	10534	-	LJOLLM_00050		Peptidoglycan hydrolase gp4	GO:0016787, GO:0098015, GO:0098932, GO:0099002, RefSeq:WP_010835893.1, SO:0001217, UniParc:UPI00025C5FC3, UniRef:UniRef100_I1TEJ0, UniRef:UniRef50_P26746, UniRef:UniRef90_P26746
contig_1	cds	10518	11078	-	LJOLLM_00055		Prophage protein	RefSeq:WP_000538675.1, SO:0001217, UniParc:UPI0001AF4783, UniRef:UniRef100_A0A5V5HMH9, UniRef:UniRef50_B8K1I0, UniRef:UniRef90_B8K1I0
contig_1	cds	11119	12411	-	LJOLLM_00060		Major capsid protein	GO:0019028, GO:0039620, GO:0042802, GO:0046729, GO:0046797, RefSeq:WP_020899473.1, SO:0001217, UniParc:UPI0003591E0F, UniRef:UniRef100_A0A5C0CAT8, UniRef:UniRef50_P26747, UniRef:UniRef90_P26747
contig_1	cds	12411	13322	-	LJOLLM_00065		Scaffolding protein	RefSeq:WP_017441433.1, SO:0001217, UniParc:UPI00031E5AEC, UniRef:UniRef100_A0A639H105, UniRef:UniRef50_P26748, UniRef:UniRef90_P26748
contig_1	cds	13336	15513	-	LJOLLM_00070		Portal protein	RefSeq:WP_017441432.1, SO:0001217, UniParc:UPI0002E8ACD7, UniRef:UniRef100_A0A5V1ELZ1, UniRef:UniRef50_P26744, UniRef:UniRef90_A0A5U8AD25
contig_1	cds	15513	17012	-	LJOLLM_00075		Terminase, large subunit	GO:0004519, GO:0005524, GO:0016887, GO:0019073, GO:0043493, GO:0046872, GO:0051276, GO:0098009, RefSeq:WP_017441431.1, SO:0001217, UniParc:UPI0003008B96, UniRef:UniRef100_A0A5T4PG98, UniRef:UniRef50_P26745, UniRef:UniRef90_P26745
contig_1	cds	16990	17478	-	LJOLLM_00080		Terminase, small subunit	GO:0003677, GO:0042802, GO:0043493, GO:0097710, RefSeq:WP_000729924.1, SO:0001217, UniParc:UPI0000F231B2, UniRef:UniRef100_A8CGG1, UniRef:UniRef50_P04893, UniRef:UniRef90_P04893
contig_1	cds	17482	17886	-	LJOLLM_00085	dec	Decoration protein	GO:0098021, RefSeq:WP_058649961.1, SO:0001217, UniParc:UPI0007356392, UniRef:UniRef100_A0A5U1SXX9, UniRef:UniRef50_Q8HAE6, UniRef:UniRef90_Q8HAE6
