ID	Pos. Inicial	Pos. Final	Gen ID	Nada	Direccion	Gen #	color
NC_028943_Peduovirus_pro483_29237	103	1099	integrase	0	-	1	#92D050
NC_028943_Peduovirus_pro483_29237	1192	1492	transcriptional_regulator	0	-	2	#F43EDA
NC_028943_Peduovirus_pro483_29237	1585	1957	transcriptional_regulator	0	+	3	#F43EDA
NC_028943_Peduovirus_pro483_29237	1940	2138	hypothetical_protein	0	+	4	#808080
NC_028943_Peduovirus_pro483_29237	2134	2635	replication_gene_B_protein	0	+	5	#FBD881
NC_028943_Peduovirus_pro483_29237	2698	2923	DUF2732_family_protein	0	+	6	#5A5800
NC_028943_Peduovirus_pro483_29237	2922	3225	replication_initiation_protein	0	+	7	#5A5800
NC_028943_Peduovirus_pro483_29237	3224	3449	DksA-like_zinc-finger_protein	0	+	8	#CEAC30
NC_028943_Peduovirus_pro483_29237	3445	3721	DUF5405_family_protein	0	+	9	#FBD881
NC_028943_Peduovirus_pro483_29237	3710	5882	nicking_at_origin_of_replication	0	+	10	#808080
NC_028943_Peduovirus_pro483_29237	5985	6915	DUF4238_domain-containing_protein	0	+	11	#808080
NC_028943_Peduovirus_pro483_29237	6983	7106	hypothetical_protein	0	-	12	#808080
NC_028943_Peduovirus_pro483_29237	7317	8352	portal_protein	0	-	13	#F3E311
NC_028943_Peduovirus_pro483_29237	8351	10124	terminase_large_subunit	0	-	14	#0039AC
NC_028943_Peduovirus_pro483_29237	10231	11152	head_scaffolding_protein	0	+	15	#FE6700
NC_028943_Peduovirus_pro483_29237	11210	12284	major_capsid_protein,_P2_family	0	+	16	#FF0000
NC_028943_Peduovirus_pro483_29237	12287	13031	terminase_small_subunit	0	+	17	#0039AC
NC_028943_Peduovirus_pro483_29237	13130	13640	head-tail_adaptor_Ad1	0	+	18	#FE6700
NC_028943_Peduovirus_pro483_29237	13639	13843	baseplate_hub	0	+	19	#FE6700
NC_028943_Peduovirus_pro483_29237	13846	14128	holin	0	+	20	#937539
NC_028943_Peduovirus_pro483_29237	14127	14625	endolysin	0	+	21	#A03214
NC_028943_Peduovirus_pro483_29237	14639	15065	endolysin	0	+	22	#A03214
NC_028943_Peduovirus_pro483_29237	15052	15478	Rz-like_spanin	0	+	23	#A03214
NC_028943_Peduovirus_pro483_29237	15464	15623	Rz-like_spanin	0	+	24	#A03214
NC_028943_Peduovirus_pro483_29237	15585	16053	tail_terminator	0	+	25	#33CCFF
NC_028943_Peduovirus_pro483_29237	16045	16498	virion_morphogenesis_protein	0	+	26	#FE6700
NC_028943_Peduovirus_pro483_29237	16564	17200	baseplate_assembly_protein	0	+	27	#FE6700
NC_028943_Peduovirus_pro483_29237	17196	17544	baseplate_wedge_subunit	0	+	28	#FE6700
NC_028943_Peduovirus_pro483_29237	17548	18457	baseplate_protein	0	+	29	#FE6700
NC_028943_Peduovirus_pro483_29237	18449	19061	tail_protein	0	+	30	#33CCFF
NC_028943_Peduovirus_pro483_29237	19057	20257	tail_protein	0	+	31	#33CCFF
NC_028943_Peduovirus_pro483_29237	20277	20721	tail_fiber_assembly_protein	0	+	32	#33CCFF
NC_028943_Peduovirus_pro483_29237	20692	21295	tail_fiber_assembly_protein	0	-	33	#33CCFF
NC_028943_Peduovirus_pro483_29237	21294	21825	tail_collar_fiber_protein	0	-	34	#33CCFF
NC_028943_Peduovirus_pro483_29237	21855	22449	DNA_invertase	0	+	35	#FFA7A7
NC_028943_Peduovirus_pro483_29237	22508	23699	tail_sheath_protein	0	+	36	#33CCFF
NC_028943_Peduovirus_pro483_29237	23711	24230	head_closure	0	+	37	#FF0000
NC_028943_Peduovirus_pro483_29237	24286	24562	tail_protein	0	+	38	#33CCFF
NC_028943_Peduovirus_pro483_29237	24558	24714	tail_protein	0	+	39	#33CCFF
NC_028943_Peduovirus_pro483_29237	24706	27154	tail_length_tape_measure_protein	0	+	40	#33CCFF
NC_028943_Peduovirus_pro483_29237	27168	27648	tail_protein	0	+	41	#33CCFF
NC_028943_Peduovirus_pro483_29237	27647	28811	tail_protein	0	+	42	#33CCFF
NC_028943_Peduovirus_pro483_29237	28856	29111	transcriptional_regulator	0	+	43	#F43EDA
U885s_Peduovirus_pro483_20171	836	1448	phage tail protein I	0	-	1	#33CCFF
U885s_Peduovirus_pro483_20171	1440	2349	Baseplate protein J	0	-	2	#FE6700
U885s_Peduovirus_pro483_20171	2353	2701	Baseplate protein W	0	-	3	#FE6700
U885s_Peduovirus_pro483_20171	2697	3285	Phage baseplate assembly protein V	0	-	4	#FE6700
U885s_Peduovirus_pro483_20171	3399	3852	phage virion morphogenesis protein	0	-	5	#FE6700
U885s_Peduovirus_pro483_20171	3844	4312	Tail completion protein R	0	-	6	#33CCFF
U885s_Peduovirus_pro483_20171	4274	4433	Rz1-like lysis system protein LysC	0	-	7	#A03214
U885s_Peduovirus_pro483_20171	4419	4845	Rz-like lysis system protein LysB	0	-	8	#A03214
U885s_Peduovirus_pro483_20171	4832	5258	Putative antiholin	0	-	9	#937539
U885s_Peduovirus_pro483_20171	5272	5770	Endolysin	0	-	10	#A03214
U885s_Peduovirus_pro483_20171	5769	6051	Holin	0	-	11	#937539
U885s_Peduovirus_pro483_20171	6257	6767	Head completion/stabilization protein	0	-	12	#FE6700
U885s_Peduovirus_pro483_20171	6866	7610	Terminase, endonuclease subunit	0	-	13	#0039AC
U885s_Peduovirus_pro483_20171	7613	8687	phage major capsid protein, P2 family	0	-	14	#FF0000
U885s_Peduovirus_pro483_20171	8745	9510	GPO family capsid scaffolding protein	0	-	15	#FE6700
U885s_Peduovirus_pro483_20171	9773	11546	Terminase, ATPase subunit	0	+	16	#0039AC
U885s_Peduovirus_pro483_20171	11545	12580	phage portal protein	0	+	17	#F3E311
U885s_Peduovirus_pro483_20171	13149	13488	hypothetical protein	0	-	18	#808080
U885s_Peduovirus_pro483_20171	13611	13746	hypothetical protein	0	+	19	#808080
U885s_Peduovirus_pro483_20171	13742	13847	hypothetical protein	0	+	20	#808080
U885s_Peduovirus_pro483_20171	14030	14423	hypothetical protein	0	-	21	#808080
U885s_Peduovirus_pro483_20171	14696	15182	ImmA/IrrE family metallo-endopeptidase	0	-	22	#FFFFFF
U885s_Peduovirus_pro483_20171	15660	15906	hypothetical protein	0	+	23	#808080
U885s_Peduovirus_pro483_20171	15902	16016	Fimbrial protein	0	+	24	#FFFFFF
U885s_Peduovirus_pro483_20171	16318	18595	Replication gene A protein	0	-	25	#FBD881
U885s_Peduovirus_pro483_20171	18584	18860	Uncharacterized protein in GpA 5'region	0	-	26	#CEAC30
U885s_Peduovirus_pro483_20171	19083	19383	Uncharacterized protein in GpA 5'region	0	-	27	#5A5800
U885s_Peduovirus_pro483_20171	19382	19607	Uncharacterized protein in GpA 5'region	0	-	28	#5A5800
U885s_Peduovirus_pro483_20171	19670	20171	Replication gene B protein	0	-	29	#FBD881
U719s_Peduovirus_pro483_20234	899	1511	phage tail protein I	0	-	1	#33CCFF
U719s_Peduovirus_pro483_20234	1503	2412	Baseplate protein J	0	-	2	#FE6700
U719s_Peduovirus_pro483_20234	2416	2764	Baseplate protein W	0	-	3	#FE6700
U719s_Peduovirus_pro483_20234	2760	3348	Phage baseplate assembly protein V	0	-	4	#FE6700
U719s_Peduovirus_pro483_20234	3462	3915	phage virion morphogenesis protein	0	-	5	#FE6700
U719s_Peduovirus_pro483_20234	3907	4375	Tail completion protein R	0	-	6	#33CCFF
U719s_Peduovirus_pro483_20234	4337	4496	Rz1-like lysis system protein LysC	0	-	7	#A03214
U719s_Peduovirus_pro483_20234	4482	4908	Rz-like lysis system protein LysB	0	-	8	#A03214
U719s_Peduovirus_pro483_20234	4895	5321	Putative antiholin	0	-	9	#937539
U719s_Peduovirus_pro483_20234	5335	5833	Endolysin	0	-	10	#A03214
U719s_Peduovirus_pro483_20234	5832	6114	Holin	0	-	11	#937539
U719s_Peduovirus_pro483_20234	6320	6830	Head completion/stabilization protein	0	-	12	#FE6700
U719s_Peduovirus_pro483_20234	6929	7673	Terminase, endonuclease subunit	0	-	13	#0039AC
U719s_Peduovirus_pro483_20234	7676	8750	phage major capsid protein, P2 family	0	-	14	#FF0000
U719s_Peduovirus_pro483_20234	8808	9573	GPO family capsid scaffolding protein	0	-	15	#FE6700
U719s_Peduovirus_pro483_20234	9836	11609	Terminase, ATPase subunit	0	+	16	#0039AC
U719s_Peduovirus_pro483_20234	11608	12643	phage portal protein	0	+	17	#F3E311
U719s_Peduovirus_pro483_20234	13212	13551	hypothetical protein	0	-	18	#808080
U719s_Peduovirus_pro483_20234	13674	13809	hypothetical protein	0	+	19	#808080
U719s_Peduovirus_pro483_20234	13805	13910	hypothetical protein	0	+	20	#808080
U719s_Peduovirus_pro483_20234	14093	14486	hypothetical protein	0	-	21	#808080
U719s_Peduovirus_pro483_20234	14759	15245	ImmA/IrrE family metallo-endopeptidase	0	-	22	#FFFFFF
U719s_Peduovirus_pro483_20234	15723	15969	hypothetical protein	0	+	23	#808080
U719s_Peduovirus_pro483_20234	15965	16079	Fimbrial protein	0	+	24	#FFFFFF
U719s_Peduovirus_pro483_20234	16381	18658	Replication gene A protein	0	-	25	#FBD881
U719s_Peduovirus_pro483_20234	18647	18923	Uncharacterized protein in GpA 5'region	0	-	26	#CEAC30
U719s_Peduovirus_pro483_20234	19146	19446	Uncharacterized protein in GpA 5'region	0	-	27	#5A5800
U719s_Peduovirus_pro483_20234	19445	19670	Uncharacterized protein in GpA 5'region	0	-	28	#5A5800
U719s_Peduovirus_pro483_20234	19733	20234	Replication gene B protein	0	-	29	#FBD881
CSG217_Peduovirus_pro483_31653	0	291	6-phosphofructokinase	0	-	1	#5A5800
CSG217_Peduovirus_pro483_31653	291	975	NAD-specific glutamate dehydrogenase	0	+	2	#5A5800
CSG217_Peduovirus_pro483_31653	1147	2050	CDF family cation-efflux transporter FieF	0	-	3	#5A5800
CSG217_Peduovirus_pro483_31653	2286	2505	prophage transcriptional regulator OgrK	0	-	4	#F43EDA
CSG217_Peduovirus_pro483_31653	2586	3750	putative baseplate hub protein	0	-	5	#ECE190
CSG217_Peduovirus_pro483_31653	3749	4229	GpU phage protein	0	-	6	#FE6700
CSG217_Peduovirus_pro483_31653	4243	6691	putative tape measure protein	0	-	7	#ECE190
CSG217_Peduovirus_pro483_31653	6835	7111	Phage tail assembly protein	0	-	8	#33CCFF
CSG217_Peduovirus_pro483_31653	7167	7686	Tail tube protein	0	-	9	#33CCFF
CSG217_Peduovirus_pro483_31653	7698	8889	GpFI	0	-	10	#FE6700
CSG217_Peduovirus_pro483_31653	8948	9542	Site-specific DNA recombinase SpoIVCA/DNA invertase PinE	0	-	11	#FFA7A7
CSG217_Peduovirus_pro483_31653	9636	9876	hypothetical protein	0	+	12	#808080
CSG217_Peduovirus_pro483_31653	9970	10411	Tail fiber assembly protein	0	+	13	#33CCFF
CSG217_Peduovirus_pro483_31653	10382	10985	Prophage tail fiber assembly -like protein TfaE	0	-	14	#33CCFF
CSG217_Peduovirus_pro483_31653	10984	12322	Phage tail protein	0	-	15	#33CCFF
CSG217_Peduovirus_pro483_31653	12318	12930	phage tail protein I	0	-	16	#33CCFF
CSG217_Peduovirus_pro483_31653	12922	13831	Baseplate protein J	0	-	17	#FE6700
CSG217_Peduovirus_pro483_31653	13835	14183	Baseplate protein W	0	-	18	#FE6700
CSG217_Peduovirus_pro483_31653	14179	14815	Spike protein	0	-	19	#FE6700
CSG217_Peduovirus_pro483_31653	14881	15334	phage virion morphogenesis protein	0	-	20	#FE6700
CSG217_Peduovirus_pro483_31653	15326	15794	Tail completion protein R	0	-	21	#33CCFF
CSG217_Peduovirus_pro483_31653	15756	15915	Rz1-like lysis system protein LysC	0	-	22	#A03214
CSG217_Peduovirus_pro483_31653	15901	16327	Rz-like lysis system protein LysB	0	-	23	#A03214
CSG217_Peduovirus_pro483_31653	16314	16740	Putative antiholin	0	-	24	#937539
CSG217_Peduovirus_pro483_31653	16754	17252	Endolysin	0	-	25	#A03214
CSG217_Peduovirus_pro483_31653	17251	17533	Holin	0	-	26	#937539
CSG217_Peduovirus_pro483_31653	17536	17740	Baseplate protein X	0	-	27	#FE6700
CSG217_Peduovirus_pro483_31653	17739	18246	Head completion/stabilization protein	0	-	28	#FE6700
CSG217_Peduovirus_pro483_31653	18348	19092	Terminase, endonuclease subunit	0	-	29	#0039AC
CSG217_Peduovirus_pro483_31653	19095	20169	phage major capsid protein, P2 family	0	-	30	#FF0000
CSG217_Peduovirus_pro483_31653	20227	21082	Capsid assembly scaffolding protein	0	-	31	#FE6700
CSG217_Peduovirus_pro483_31653	21255	23028	Terminase, ATPase subunit	0	+	32	#0039AC
CSG217_Peduovirus_pro483_31653	23027	24062	phage portal protein	0	+	33	#F3E311
CSG217_Peduovirus_pro483_31653	24488	25430	Phage protein	0	+	34	#ECE190
CSG217_Peduovirus_pro483_31653	25512	25800	hypothetical protein	0	-	35	#808080
CSG217_Peduovirus_pro483_31653	26178	26664	ImmA/IrrE family metallo-endopeptidase	0	-	36	#FFFFFF
CSG217_Peduovirus_pro483_31653	27384	27498	Fimbrial protein	0	+	37	#FFFFFF
CSG217_Peduovirus_pro483_31653	27800	30077	Replication gene A protein	0	-	38	#FBD881
CSG217_Peduovirus_pro483_31653	30066	30342	Uncharacterized protein in GpA 5'region	0	-	39	#5A5800
CSG217_Peduovirus_pro483_31653	30338	30563	Uncharacterized protein in gpA 5'region	0	-	40	#5A5800
CSG217_Peduovirus_pro483_31653	30565	30865	Uncharacterized protein in GpA 5'region	0	-	41	#5A5800
CSG217_Peduovirus_pro483_31653	30864	31089	Uncharacterized protein in GpA 5'region	0	-	42	#5A5800
CSG217_Peduovirus_pro483_31653	31152	31653	Replication gene B protein	0	-	43	#FBD881
U875s_Enteritidis_Peduovirus_pro483_33052	0	291	6-phosphofructokinase	0	-	1	#5A5800
U875s_Enteritidis_Peduovirus_pro483_33052	291	975	NAD-specific glutamate dehydrogenase	0	+	2	#5A5800
U875s_Enteritidis_Peduovirus_pro483_33052	1147	2050	CDF family cation-efflux transporter FieF	0	-	3	#5A5800
U875s_Enteritidis_Peduovirus_pro483_33052	2286	2505	prophage transcriptional regulator OgrK	0	-	4	#F43EDA
U875s_Enteritidis_Peduovirus_pro483_33052	2586	3750	putative baseplate hub protein	0	-	5	#ECE190
U875s_Enteritidis_Peduovirus_pro483_33052	3749	4229	GpU phage protein	0	-	6	#FE6700
U875s_Enteritidis_Peduovirus_pro483_33052	4243	6691	putative tape measure protein	0	-	7	#ECE190
U875s_Enteritidis_Peduovirus_pro483_33052	6835	7111	Phage tail assembly protein	0	-	8	#33CCFF
U875s_Enteritidis_Peduovirus_pro483_33052	7166	7685	Tail tube protein	0	-	9	#33CCFF
U875s_Enteritidis_Peduovirus_pro483_33052	7697	8888	Tail sheath protein	0	-	10	#FE6700
U875s_Enteritidis_Peduovirus_pro483_33052	8947	9541	Site-specific DNA recombinase SpoIVCA/DNA invertase PinE	0	-	11	#FFA7A7
U875s_Enteritidis_Peduovirus_pro483_33052	10339	10852	hypothetical protein	0	+	12	#808080
U875s_Enteritidis_Peduovirus_pro483_33052	10851	11439	Phage tail-fiber asembly protein	0	+	13	#33CCFF
U875s_Enteritidis_Peduovirus_pro483_33052	11442	11850	Fels-2 prophage Tfa	0	-	14	#33CCFF
U875s_Enteritidis_Peduovirus_pro483_33052	11851	13660	Phage tail protein	0	-	15	#33CCFF
U875s_Enteritidis_Peduovirus_pro483_33052	13656	14268	phage tail protein I	0	-	16	#33CCFF
U875s_Enteritidis_Peduovirus_pro483_33052	14260	15169	Baseplate protein J	0	-	17	#FE6700
U875s_Enteritidis_Peduovirus_pro483_33052	15173	15521	Baseplate protein W	0	-	18	#FE6700
U875s_Enteritidis_Peduovirus_pro483_33052	15517	16153	Spike protein	0	-	19	#FE6700
U875s_Enteritidis_Peduovirus_pro483_33052	16219	16672	phage virion morphogenesis protein	0	-	20	#FE6700
U875s_Enteritidis_Peduovirus_pro483_33052	16664	17132	Tail completion protein R	0	-	21	#33CCFF
U875s_Enteritidis_Peduovirus_pro483_33052	17094	17253	Rz1-like lysis system protein LysC	0	-	22	#A03214
U875s_Enteritidis_Peduovirus_pro483_33052	17239	17665	Rz-like lysis system protein LysB	0	-	23	#A03214
U875s_Enteritidis_Peduovirus_pro483_33052	17652	18078	Putative antiholin	0	-	24	#937539
U875s_Enteritidis_Peduovirus_pro483_33052	18092	18590	Endolysin	0	-	25	#A03214
U875s_Enteritidis_Peduovirus_pro483_33052	18589	18871	Holin	0	-	26	#937539
U875s_Enteritidis_Peduovirus_pro483_33052	18874	19078	Baseplate protein X	0	-	27	#FE6700
U875s_Enteritidis_Peduovirus_pro483_33052	19077	19587	Head completion/stabilization protein	0	-	28	#FE6700
U875s_Enteritidis_Peduovirus_pro483_33052	19686	20430	Terminase, endonuclease subunit	0	-	29	#0039AC
U875s_Enteritidis_Peduovirus_pro483_33052	20433	21507	phage major capsid protein, P2 family	0	-	30	#FF0000
U875s_Enteritidis_Peduovirus_pro483_33052	21565	22420	Capsid assembly scaffolding protein	0	-	31	#FE6700
U875s_Enteritidis_Peduovirus_pro483_33052	22593	24366	Terminase, ATPase subunit	0	+	32	#0039AC
U875s_Enteritidis_Peduovirus_pro483_33052	24365	25400	phage portal protein	0	+	33	#F3E311
U875s_Enteritidis_Peduovirus_pro483_33052	25438	25600	4-diphosphocytidyl-2-C-methyl-D-erythritol kinase	0	-	34	#ECE190
U875s_Enteritidis_Peduovirus_pro483_33052	25773	26916	DUF262 domain-containing protein	0	+	35	#808080
U875s_Enteritidis_Peduovirus_pro483_33052	26917	27598	HEPN-MAE-28990 domain-containing protein	0	+	36	#FFFFFF
U875s_Enteritidis_Peduovirus_pro483_33052	27627	28650	Cytosine-specific methyltransferase	0	-	37	#FFFFFF
U875s_Enteritidis_Peduovirus_pro483_33052	28736	31034	Replication gene A protein	0	-	38	#FBD881
U875s_Enteritidis_Peduovirus_pro483_33052	31023	31299	DUF5405 domain-containing protein	0	-	39	#5A5800
U875s_Enteritidis_Peduovirus_pro483_33052	31522	31822	Uncharacterized protein in GpA 5'region	0	-	40	#5A5800
U875s_Enteritidis_Peduovirus_pro483_33052	31821	32046	Uncharacterized protein in GpA 5'region	0	-	41	#5A5800
U875s_Enteritidis_Peduovirus_pro483_33052	32109	32433	Replication gene B protein	0	-	42	#5A5800
U875s_Enteritidis_Peduovirus_pro483_33052	32541	32754	hypothetical protein	0	+	43	#FBD881
U875s_Enteritidis_Peduovirus_pro483_33052	32779	33052	Regulatory phage protein cox	0	-	44	#F43EDA