ID	Pos. Inicial	Pos. Final	Gen ID	Nada	Direccion	Gen #	color
NC_010393_Phage_Gifsy-2_45840	41	1334	integrase	0	-	1	#92D050
NC_010393_Phage_Gifsy-2_45840	1378	1627	excisionase	0	-	2	#04C87D
NC_010393_Phage_Gifsy-2_45840	1667	1907	hypothetical_protein	0	-	3	#808080
NC_010393_Phage_Gifsy-2_45840	1949	3059	recombinase_RecT	0	-	4	#FFA7A7
NC_010393_Phage_Gifsy-2_45840	3069	5955	putatitive_exodeoxyribonuclease_VIII	0	-	5	#808080
NC_010393_Phage_Gifsy-2_45840	6081	6318	hypothetical_protein	0	-	6	#808080
NC_010393_Phage_Gifsy-2_45840	6402	6561	hypothetical_protein	0	-	7	#808080
NC_010393_Phage_Gifsy-2_45840	6553	6670	hypothetical_protein	0	-	8	#808080
NC_010393_Phage_Gifsy-2_45840	6863	7280	putative_regulatory_protein_repressor_Lambda_gpCI_analog	0	-	9	#840645
NC_010393_Phage_Gifsy-2_45840	7393	7633	putative_regulatory_protein_Lambda_gpCro_analog	0	+	10	#840645
NC_010393_Phage_Gifsy-2_45840	7652	7973	transcriptional_activator_Lambda_gpCII_analog	0	+	11	#840645
NC_010393_Phage_Gifsy-2_45840	8063	9041	DNA_replication_protein_Lambda_gpo_homolog	0	+	12	#A50EE8
NC_010393_Phage_Gifsy-2_45840	9043	9793	DNA_replication_protein	0	+	13	#A50EE8
NC_010393_Phage_Gifsy-2_45840	9803	10151	hypothetical_protein	0	+	14	#808080
NC_010393_Phage_Gifsy-2_45840	10147	10459	conserved_hypothetical_protein	0	+	15	#808080
NC_010393_Phage_Gifsy-2_45840	10557	10827	hypothetical_protein	0	+	16	#808080
NC_010393_Phage_Gifsy-2_45840	11118	11352	damage-inducible_protein_DinI	0	+	17	#FBD881
NC_010393_Phage_Gifsy-2_45840	11463	11685	hypothetical_protein	0	+	18	#808080
NC_010393_Phage_Gifsy-2_45840	11767	12370	hypothetical_protein	0	+	19	#808080
NC_010393_Phage_Gifsy-2_45840	12375	12576	hypothetical_protein	0	+	20	#808080
NC_010393_Phage_Gifsy-2_45840	12578	13190	NinG	0	+	21	#CEAC30
NC_010393_Phage_Gifsy-2_45840	13186	13333	hypothetical_protein	0	+	22	#808080
NC_010393_Phage_Gifsy-2_45840	13322	14120	prophage_antitermination_protein_late_gene_regulator_Lamba_gpQ_homolog_	0	+	23	#840645
NC_010393_Phage_Gifsy-2_45840	14186	14504	hypothetical_protein	0	+	24	#808080
NC_010393_Phage_Gifsy-2_45840	14677	14803	hypothetical_protein	0	+	25	#808080
NC_010393_Phage_Gifsy-2_45840	14938	15388	hypothetical_protein	0	-	26	#808080
NC_010393_Phage_Gifsy-2_45840	15748	16435	virulence_determinant_GtgA	0	-	27	#DAE9F8
NC_010393_Phage_Gifsy-2_45840	16704	17040	lysis_protein_holin	0	+	28	#A03214
NC_010393_Phage_Gifsy-2_45840	17023	17476	lysis_protein_endolysin_lysozyme	0	+	29	#A03214
NC_010393_Phage_Gifsy-2_45840	17493	17973	lysis_protein_Lambda_gpRz_homolog	0	+	30	#A03214
NC_010393_Phage_Gifsy-2_45840	18180	18714	DNA_packaging_protein_terminase_small_subunit	0	+	31	#0039AC
NC_010393_Phage_Gifsy-2_45840	18670	20809	DNA_packaging_protein_terminase_large_subunit	0	+	32	#0039AC
NC_010393_Phage_Gifsy-2_45840	20805	21012	conserved_hypothetical_protein	0	+	33	#808080
NC_010393_Phage_Gifsy-2_45840	21008	22556	portal_protein	0	+	34	#F3E311
NC_010393_Phage_Gifsy-2_45840	22470	24561	Clp_protease_involved_in_capsid_processing	0	+	35	#FE6700
NC_010393_Phage_Gifsy-2_45840	24651	24975	conserved_hypothetical_protein	0	+	36	#808080
NC_010393_Phage_Gifsy-2_45840	24967	25267	conserved_hypothetical_protein	0	+	37	#808080
NC_010393_Phage_Gifsy-2_45840	25247	25814	morphogenesis_protein_Lambda_gpZ_homolog	0	+	38	#FE6700
NC_010393_Phage_Gifsy-2_45840	25810	26212	tail_shaft_stabilization_protein_Lambda_gpU_homolog	0	+	39	#33CCFF
NC_010393_Phage_Gifsy-2_45840	26223	26973	major_tail_protein_Lambda_gpV_homolog	0	+	40	#33CCFF
NC_010393_Phage_Gifsy-2_45840	27018	27417	tail_assembly_chaperone_Lambda_gpG_homolog	0	+	41	#33CCFF
NC_010393_Phage_Gifsy-2_45840	27386	27743	tail_assembly_chapterone_gpT_homolog	0	+	42	#33CCFF
NC_010393_Phage_Gifsy-2_45840	27822	30810	tail_tape_measure_protein_minor_tail_protein_Lambda_gpH_homolog	0	+	43	#33CCFF
NC_010393_Phage_Gifsy-2_45840	30806	31139	tail_tip_assembly_protein_Lambda_gpM_homolog	0	+	44	#33CCFF
NC_010393_Phage_Gifsy-2_45840	31237	31735	virulence_determinant_Lom_homolog	0	+	45	#DAE9F8
NC_010393_Phage_Gifsy-2_45840	31866	32400	sodC_	0	-	46	#DAE9F8
NC_010393_Phage_Gifsy-2_45840	32489	33185	tail_tip_assembly_protein_Lambda_gpL_homolog	0	+	47	#33CCFF
NC_010393_Phage_Gifsy-2_45840	33194	33932	tail_tip_assembly_protein_Lambda_gpK_homolog	0	+	48	#33CCFF
NC_010393_Phage_Gifsy-2_45840	33829	34534	tail_tip_assembly_protein_Lambda_gpI_homolog	0	+	49	#33CCFF
NC_010393_Phage_Gifsy-2_45840	34605	37053	tail_fiber_protein_Lambda_gp_J_homolog	0	+	50	#33CCFF
NC_010393_Phage_Gifsy-2_45840	37031	37955	Lambda_gpJ_homolog	0	+	51	#33CCFF
NC_010393_Phage_Gifsy-2_45840	37993	38236	hypothetical_protein_	0	+	52	#808080
NC_010393_Phage_Gifsy-2_45840	38289	40728	side_tail_fiber_protein_Lambda_gpN_homolog	0	+	53	#33CCFF
NC_010393_Phage_Gifsy-2_45840	40727	41309	side_tail_fiber_assembly_protein_Lambda_gpTfa_analog	0	+	54	#33CCFF
NC_010393_Phage_Gifsy-2_45840	41784	42753	sseI	0	+	55	#DAE9F8
U113s_Phage_Gifsy-2_31282	0	288	DNA_breaking-rejoining_protein	0	-	1	
U113s_Phage_Gifsy-2_31282	372	531	MYM-type_domain-containing_protein	0	-	2	
U113s_Phage_Gifsy-2_31282	523	640	Cytoplasmic_protein	0	-	3	
U113s_Phage_Gifsy-2_31282	833	1175	Helix-turn-helix_domain-containing_protein	0	-	4	
U113s_Phage_Gifsy-2_31282	1363	1603	Helix-turn-helix_domain-containing_protein	0	+	5	
U113s_Phage_Gifsy-2_31282	1622	1943	Regulatory_protein_CII	0	+	6	
U113s_Phage_Gifsy-2_31282	2033	3011	Phage-rep-O_domain-containing_protein	0	+	7	
U113s_Phage_Gifsy-2_31282	3013	3763	DNA_replication_protein_DnaC	0	+	8	
U113s_Phage_Gifsy-2_31282	3773	4121	DNA-binding_protein	0	+	9	
U113s_Phage_Gifsy-2_31282	4117	4429	Ead/Ea22-like_family_protein	0	+	10	
U113s_Phage_Gifsy-2_31282	4527	4797	DUF4329_domain-containing_protein	0	+	11	
U113s_Phage_Gifsy-2_31282	5088	5322	Gifsy-1_prophage_DinI	0	+	12	
U113s_Phage_Gifsy-2_31282	5737	6118	DUF1367_domain-containing_protein	0	+	13	
U113s_Phage_Gifsy-2_31282	6118	6340	Bacteriophage_protein	0	+	14	
U113s_Phage_Gifsy-2_31282	6557	6929	hypothetical_protein	0	-	15	
U113s_Phage_Gifsy-2_31282	7156	7303	Recombination_protein_NinG	0	+	16	
U113s_Phage_Gifsy-2_31282	7292	8090	Antitermination_protein_Q	0	+	17	
U113s_Phage_Gifsy-2_31282	8125	8308	hypothetical_protein	0	+	18	
U113s_Phage_Gifsy-2_31282	8255	8474	DUF1428_domain-containing_protein	0	+	19	
U113s_Phage_Gifsy-2_31282	8647	8773	Bacteriophage_protein	0	+	20	
U113s_Phage_Gifsy-2_31282	8905	9166	hypothetical_protein	0	+	21	
U113s_Phage_Gifsy-2_31282	9284	9440	hypothetical_protein	0	+	22	
U113s_Phage_Gifsy-2_31282	9718	10405	type_III_secretion_system_effector_protease_GtgA	0	-	23	
U113s_Phage_Gifsy-2_31282	10674	11010	phage_holin,_lambda_family	0	+	24	
U113s_Phage_Gifsy-2_31282	10993	11446	Phage-related_lysozyme_(muramidase),_GH24_family	0	+	25	
U113s_Phage_Gifsy-2_31282	11463	11943	Lysis_protein	0	+	26	
U113s_Phage_Gifsy-2_31282	12087	12684	DUF1441_domain-containing_protein	0	+	27	
U113s_Phage_Gifsy-2_31282	12643	14779	Phage_terminase,_large_subunit_GpA	0	+	28	
U113s_Phage_Gifsy-2_31282	14775	14982	Primosomal_replication_protein_PriB/PriC_domain_protein	0	+	29	
U113s_Phage_Gifsy-2_31282	14978	16526	phage_portal_protein	0	+	30	
U113s_Phage_Gifsy-2_31282	16773	18531	ATP-dependent_protease_ClpP,_protease_subunit	0	+	31	
U113s_Phage_Gifsy-2_31282	18621	18945	putative_phage_recombinase,_RecA/RadA_family	0	+	32	
U113s_Phage_Gifsy-2_31282	18970	19237	ATP-binding_protein	0	+	33	
U113s_Phage_Gifsy-2_31282	19217	19784	Phage_tail_protein	0	+	34	
U113s_Phage_Gifsy-2_31282	19780	20182	Phage_tail_protein	0	+	35	
U113s_Phage_Gifsy-2_31282	20193	20943	Uncharacterized_conserved_protein_YjdB,_contains_Ig-like_domain	0	+	36	
U113s_Phage_Gifsy-2_31282	21144	21387	hypothetical_protein	0	+	37	
U113s_Phage_Gifsy-2_31282	21461	21713	phage_tail_assembly_protein_T	0	+	38	
U113s_Phage_Gifsy-2_31282	21693	24780	Phage-related_minor_tail_protein	0	+	39	
U113s_Phage_Gifsy-2_31282	25207	25705	Opacity_protein_LomR_and_related_surface_antigens	0	+	40	
U113s_Phage_Gifsy-2_31282	25821	26355	superoxide_dismutase_[Cu-Zn]_SodC1	0	-	41	
U113s_Phage_Gifsy-2_31282	26444	27140	phage_minor_tail_protein_L	0	+	42	
U113s_Phage_Gifsy-2_31282	27149	27578	C40_family_peptidase	0	+	43	
U113s_Phage_Gifsy-2_31282	27808	28489	Phage-related_protein,_tail_assembly_protein_I	0	+	44	
U113s_Phage_Gifsy-2_31282	28560	29454	Host_specificity_protein_J	0	+	45	
U113s_Phage_Gifsy-2_31282	29350	29737	hypothetical_protein	0	-	46	